ID,TLC,EOM,LEAF,Gaia,RAdeg,DEdeg,plx,Gmag,bp-rp,Weight,teff_gspphot,radius_gspphot,teff_gspspec,logg_gspspec,teff_esphs,logg_esphs,tic,tmag,noise
26295,18,1,,3284966433101477376,65.6376,5.6941,6.284,9.03,0.72,0.08,6288.70654296875,1.9084999561309814,6718.0,4.389999866485596,nan,nan,454152849,8.65313,0.0004897362993316241
26304,18,1,,3299306676067811200,63.8837,8.8923,6.665,4.18,-0.06,0.09,15005.779296875,7.525599956512451,8000.0,4.329999923706055,nan,nan,283793973,4.35547,0.0004652310184233311
26385,18,1,,36290107127257344,57.0701,11.1445,7.223,9.27,0.62,0.1,6378.2646484375,1.3585000038146973,nan,nan,nan,nan,468892186,8.94366,0.0004972945875785012
26438,18,1,,3276419929219795328,56.8065,5.4399,5.861,9.31,0.67,0.02,6439.0693359375,1.6908999681472778,nan,nan,nan,nan,453831755,8.96272,0.0004978395677285882
26526,18,2,,3227586219783349376,78.2538,-0.092,6.804,7.98,0.21,0.07,9894.9814453125,1.514299988746643,nan,nan,8263.94140625,4.133720397949219,248993554,7.88972,0.00047718488338533457
26548,18,2,,3216350550976307712,86.0367,-2.5026,6.832,9.33,0.62,0.08,6377.13720703125,1.385200023651123,nan,nan,nan,nan,72833644,9.00177,0.0005001090833537786
26579,18,2,,3014913458059485184,80.8283,-8.4169,6.956,8.02,0.5,0.36,6777.16064453125,2.145400047302246,nan,nan,nan,nan,24662303,7.75953,0.0004757773828843746
26584,18,2,,3014986300704795520,80.9318,-8.2896,6.908,7.64,0.21,0.5,8084.13916015625,1.7868000268936157,7400.0,4.0,nan,nan,24662382,7.54552,0.00047376774580335754
26829,18,3,,3188098427902106240,73.1915,-6.3582,5.546,8.29,0.19,0.08,9940.236328125,1.5082999467849731,nan,nan,nan,nan,9381034,8.20273,0.0004812703930989351
26976,18,4,A,3407205875270521216,76.2086,18.2539,8.392,7.62,0.21,0.2,8444.34765625,1.5068999528884888,nan,nan,nan,nan,69277391,7.51986,0.0004737457542872865
27437,18,8,B,164666022471759232,64.1171,28.1265,7.702,12.07,2.17,0.44,6320.48291015625,1.37909996509552,nan,nan,nan,nan,58108662,10.9722,0.0006876052189478528
27445,18,8,B,163179006011625088,63.7179,28.0998,7.395,14.08,3.71,0.34,7573.45263671875,1.7182999849319458,nan,nan,nan,nan,56627464,12.7032,0.0013762833646194436
27631,18,10,,3314244361868283520,68.3869,18.0167,6.667,6.99,0.08,0.45,9663.6044921875,2.3782999515533447,nan,nan,nan,nan,673686238,7.00426,0.00047022171060842746
27657,18,11,,151127907597788672,68.478,26.2242,6.173,13.21,2.73,0.29,7130.2353515625,1.458299994468689,nan,nan,nan,nan,268443571,12.0699,0.00104764715419929
27713,18,-1,,3418360283295737472,75.7044,22.9743,6.358,9.5,0.65,0.09,6439.98486328125,1.4225000143051147,nan,nan,nan,nan,69089600,9.16789,0.0005084122571648986
27807,18,-1,,3418558745144604544,75.7014,23.2116,7.275,9.54,0.67,0.08,6202.32275390625,1.2446999549865723,6341.0,4.849999904632568,nan,nan,69089056,9.205,0.0005101293807784648
27922,18,-1,,3418944570647006592,78.0483,24.2791,10.04,7.89,0.58,0.03,6657.2646484375,1.6859999895095825,6764.0,4.329999923706055,nan,nan,70101853,7.583,0.00047475867728306604
28135,18,-1,,3430864165747570944,89.327,27.37,5.366,9.53,0.65,0.03,6495.30322265625,1.608199954032898,nan,nan,nan,nan,78707580,9.18918,0.0005443139652831989
28144,18,-1,,3242451548271222144,78.794,8.4322,10.54,7.64,0.4,0.15,7246.5771484375,1.5520000457763672,nan,nan,nan,nan,345584999,7.4319,0.0004729411763039425
28207,18,-1,,3447899797047628032,83.7198,31.6357,4.861,9.28,0.44,0.01,7368.169921875,1.5547000169754028,nan,nan,nan,nan,115393994,9.06113,0.0005396816325379139
28256,18,-1,,232810901302956032,63.5535,44.7495,7.663,8.32,0.44,0.01,7055.1376953125,1.5638999938964844,nan,nan,nan,nan,259983235,8.08903,0.0004835066747240811
28339,18,-1,,3208822710258306048,81.4992,-6.9635,5.357,8.25,0.36,0.02,7441.1279296875,2.1949000358581543,nan,nan,nan,nan,24722822,8.06915,0.0004794357696913115
28497,18,-1,,3221986441422455808,82.1754,1.2269,8.594,7.41,0.34,0.11,7667.4833984375,1.9778000116348267,nan,nan,nan,nan,264679929,7.23566,0.0004715634181263007
28710,18,-1,,3198123122089272576,68.838,-8.2917,6.11,7.79,0.06,0.01,10135.9873046875,1.5927000045776367,7658.0,5.210000038146973,nan,nan,55937752,7.79523,0.00047611361323493084
28875,18,-1,,3235871379199826816,81.5618,2.9576,6.232,8.57,0.39,0.04,7393.90869140625,1.6297999620437622,nan,nan,nan,nan,264486956,8.36561,0.0004842371117652751
28881,18,-1,,3222944352272278528,86.0536,1.7862,5.408,9.44,0.68,0.02,6244.83935546875,2.6135001182556152,6488.0,4.159999847412109,nan,nan,199968868,9.08933,0.0005036996817769213
29002,18,-1,,69818649063339136,56.5241,24.9929,6.503,9.96,0.73,0.03,6342.345703125,1.2300000190734863,6561.0,4.400000095367432,nan,nan,385558677,9.5724,0.000523013329532788
29020,18,-1,,3429156594127821440,87.6991,26.0542,9.489,7.55,0.37,0.05,7467.154296875,1.3287999629974365,nan,nan,nan,nan,76991509,7.36515,0.0004761796538425094
29033,18,-1,,3199499263970605696,68.2183,-5.7254,6.458,9.14,0.55,0.02,6641.7978515625,1.478700041770935,nan,nan,nan,nan,248689981,8.85111,0.0004947077397737017
29162,18,-1,,3227617899461950336,77.7372,0.0058,4.881,8.08,0.54,0.01,6952.99853515625,1.9076000452041626,nan,nan,nan,nan,248443803,7.79631,0.000476163844189976
29316,18,-1,,3200880005760595968,71.5064,-4.0848,6.283,8.23,0.26,0.02,7858.90234375,1.6668000221252441,nan,nan,7865.5693359375,3.94616436958313,176313088,8.10822,0.00047991187921286453
29510,18,-1,,3436936772766398464,94.116,29.696,5.527,9.05,0.42,0.0,7296.7724609375,1.5276999473571777,nan,nan,nan,nan,83102110,8.83235,0.0005016628675388793
29540,18,-1,,3237188460986685696,80.5677,4.8045,6.357,9.55,0.69,0.0,6259.75634765625,1.4177000522613525,6361.0,4.309999942779541,nan,nan,264590043,9.19094,0.0005064532924396951
29632,18,-1,,3313236491960660736,69.6638,17.408,7.012,7.8,0.53,0.04,6834.56787109375,2.4086999893188477,nan,nan,nan,nan,245907166,7.5203,0.00047359806169176963
30179,18,-1,,166316428081073664,65.0473,31.7164,6.622,9.66,0.76,0.04,6273.20068359375,1.3759000301361084,6367.0,4.150000095367432,nan,nan,239700591,9.26165,0.0005111581976688945
30243,18,-1,,3295384610715762432,74.7387,12.4149,7.157,8.55,0.53,0.03,6696.9375,1.7426999807357788,nan,nan,nan,nan,59127116,8.2907,0.0004829029233609638
30326,18,-1,,228134201613088256,66.1151,41.7299,8.62,7.09,0.18,0.02,8286.173828125,1.6634000539779663,nan,nan,nan,nan,367775570,7.01129,0.0004709964148774741
30375,18,-1,,3427707918839243776,87.8211,23.9262,5.387,8.49,0.26,0.01,8193.7177734375,1.801800012588501,nan,nan,7955.548828125,3.9278061389923096,114167221,8.36272,0.0004958799955828943
30478,18,-1,,3211467375024154880,75.3538,-5.6954,6.533,8.58,0.49,0.01,6858.7099609375,1.8203999996185303,nan,nan,nan,nan,213047427,8.32489,0.0004832794338681141
30680,18,-1,,3441383197788015616,86.1148,26.901,7.024,9.03,0.57,0.0,6556.6044921875,1.448099970817566,nan,nan,nan,nan,76027222,8.73415,0.0005138014094261305
31061,18,-1,,3300043314499079808,63.3802,8.8902,11.855,6.49,0.19,0.0,8201.9755859375,1.8235000371932983,nan,nan,nan,nan,283724261,6.4083,0.00046789122985380424
31198,18,-1,,3288304756560972544,74.5114,6.8373,5.526,9.01,0.53,0.02,6988.83740234375,1.9067000150680542,nan,nan,nan,nan,399872277,8.73218,0.0004917494173450734
31220,18,-1,,3218876232264813184,88.9888,0.8361,6.172,7.14,0.17,0.01,9947.5791015625,2.3970999717712402,nan,nan,nan,nan,281989232,7.06951,0.0004707146900983487
31269,18,-1,,157078674983203328,76.1381,30.404,5.011,8.88,0.61,0.0,6760.427734375,2.216900110244751,nan,nan,nan,nan,366387273,8.55768,0.0004923088526373261
31326,18,-1,,3334385903060667392,84.3402,7.6688,8.039,8.1,0.39,0.02,7293.17626953125,1.6664999723434448,7509.0,4.460000038146973,nan,nan,436331286,7.896,0.000477649133457564
31376,18,-1,,3216893434843528320,83.9438,-2.3741,7.969,7.7,0.56,0.01,6599.8388671875,2.322999954223633,nan,nan,nan,nan,427398881,7.41299,0.0004727844913374986
31530,18,-1,,3331547483733489152,94.4332,11.0385,7.913,8.26,0.55,0.01,6609.54931640625,1.8622000217437744,nan,nan,nan,nan,291385414,7.96452,0.00048371093353668084
31614,18,-1,,2998453425393102208,89.5581,-12.1733,7.412,8.77,0.48,0.01,6888.0478515625,1.44159996509552,nan,nan,nan,nan,317880711,8.51544,0.0004871649128699402
31720,18,-1,,57215050353634560,53.7439,19.3127,6.275,9.05,0.61,0.0,6528.63916015625,1.6654000282287598,6754.0,4.28000020980835,nan,nan,26125191,8.73407,0.0004916251636992397
31866,18,-1,,57760579920638592,51.4523,19.488,6.891,9.33,0.68,0.01,6171.29345703125,1.4606000185012817,6396.0,4.239999771118164,nan,nan,25957652,8.97079,0.000498107881524031
31889,18,-1,,186857431295829888,75.563,38.0773,6.395,9.94,0.73,0.0,5976.77734375,1.2646000385284424,6340.0,4.360000133514404,nan,nan,121747781,9.54913,0.0005686118555173786
32050,18,-1,,45069226437071360,61.8925,14.9866,6.642,8.64,0.65,0.04,6532.15625,1.9966000318527222,6678.0,4.190000057220459,nan,nan,348664092,8.29863,0.00048284783037861717
32092,18,-1,,3423130617572575488,89.2832,20.9773,7.123,7.85,0.36,0.0,7447.66259765625,1.9855999946594238,nan,nan,7758.92529296875,4.173543930053711,119190790,7.66972,0.0004789603800745489
32160,18,-1,,3449455640361508480,85.1959,34.6261,4.979,9.36,0.5,0.01,7019.1171875,1.4651000499725342,nan,nan,nan,nan,116392984,9.09562,0.0005302450327047367
32293,18,-1,,112544537047398528,47.3671,26.694,7.027,9.53,0.7,0.0,6221.91162109375,1.3221999406814575,6412.0,4.480000019073486,nan,nan,34886492,9.15858,0.0005044359148980759
32439,18,-1,,3401770336459470720,80.0763,19.5782,6.124,6.63,-0.04,0.08,9999.736328125,2.650899887084961,nan,nan,nan,nan,6242148,6.72557,0.0004691385239922335
32494,18,-1,,182171420115193856,78.2943,34.2935,7.912,8.69,0.58,0.03,6538.64306640625,1.5234999656677246,6625.0,4.25,nan,nan,367364406,8.38056,0.0004932690012644822
32618,18,-1,,180384267043901952,79.2519,31.5399,7.278,8.31,0.4,0.04,7285.796875,1.623900055885315,7398.0,4.429999828338623,nan,nan,2096232,8.10574,0.00048469736883420295
32870,18,-1,,3391100228946699136,81.6578,16.2193,12.349,7.23,0.51,0.0,6777.90478515625,1.8043999671936035,nan,nan,nan,nan,302339904,6.9567,0.0004701819274532137
32901,18,-1,,61026301253916800,51.1088,20.8034,9.451,6.06,-0.05,0.01,10838.5751953125,2.0713999271392822,8384.0,4.829999923706055,nan,nan,25908511,6.13234,0.0004671868807801863
32951,18,-1,,3404593706223815424,84.6245,23.7105,7.783,8.94,0.61,0.09,6382.95458984375,1.4505000114440918,6434.0,4.210000038146973,nan,nan,19839001,8.61161,0.0004979237852212779
32981,18,-1,,3449823903740257664,90.2971,30.8374,7.371,8.87,0.62,0.01,6542.81201171875,1.5508999824523926,6770.0,4.429999828338623,nan,nan,353461773,8.53954,0.0004957706291221035
32986,18,-1,,3402379839563800576,82.0806,21.4435,6.595,8.55,0.61,0.03,6372.34619140625,1.979699969291687,6571.0,4.260000228881836,nan,nan,19336973,8.23333,0.00048434761484070286
33032,18,-1,,61292039470080384,50.3069,21.147,6.373,5.26,-0.07,0.01,12605.751953125,4.452199935913086,nan,nan,nan,nan,5612096,5.37384,0.0004659656909303936
33274,18,-1,,3399979159001637504,86.8057,20.6416,4.879,8.92,0.78,0.04,nan,nan,6493.0,4.059999942779541,nan,nan,29677212,8.51444,0.0004946729937071829
33284,18,-1,,3022414738700067072,86.845,-5.4888,5.254,9.01,0.44,0.01,7134.46826171875,1.7244999408721924,nan,nan,nan,nan,176453021,8.78823,0.0004936600814028974
33303,18,-1,,67300698718051200,58.3834,25.7298,7.453,7.8,0.32,0.01,8130.2080078125,1.8131999969482422,nan,nan,nan,nan,407929809,7.64516,0.0004746699532370711
33543,18,-1,,3282743461108145024,71.2666,5.8716,6.269,8.42,0.4,0.05,7632.65087890625,1.6466000080108643,nan,nan,7897.02978515625,4.221729278564453,459952217,8.22109,0.0004815783771328334
33629,18,-1,,3292738090523187968,72.056,8.96,7.112,8.26,0.6,0.03,6833.48779296875,2.282099962234497,6432.0,3.4600000381469727,nan,nan,450086948,7.94715,0.0004778479294309358
33916,18,-1,,3406437179203574400,73.1534,17.3334,8.033,9.13,0.71,0.09,6069.3486328125,1.440500020980835,6468.0,4.440000057220459,nan,nan,436665090,8.7535,0.0004927791769060139
33938,18,-1,,173085433979186560,68.2791,34.5408,6.658,9.2,0.62,0.06,6614.55810546875,1.475600004196167,nan,nan,nan,nan,171203604,8.875,0.0004994971740773707
33980,18,-1,,49520461823548288,64.9031,21.7733,11.142,5.32,-0.12,0.1,nan,nan,8000.0,4.900000095367432,nan,nan,17228263,5.4596,0.0004660670015122983
34053,18,-1,,147438530690561664,71.577,25.3359,5.363,11.49,1.65,0.01,7433.6318359375,1.4918999671936035,6859.0,4.369999885559082,nan,nan,59743338,10.6451,0.0006369246174881131
34185,18,-1,,117916235464382080,52.8367,27.5717,9.569,6.6,0.04,0.0,9226.01171875,1.833799958229065,nan,nan,nan,nan,46475987,6.60723,0.00046852881449681327
34199,18,-1,,147668088102341376,69.5408,24.5536,5.437,8.83,0.94,0.02,9253.6259765625,2.353300094604492,nan,nan,8188.974609375,3.910562515258789,125881879,8.33691,0.0004839633960487547
40516,22,2,,5486694727777171456,109.8875,-57.4488,8.193,7.63,0.19,0.09,8267.875,1.6059999465942383,nan,nan,nan,nan,262498404,7.5547,0.0004739066573084734
40601,22,2,,5304538327177586560,132.9666,-57.2936,7.655,7.94,0.26,0.26,7869.47998046875,1.5875999927520752,nan,nan,nan,nan,122093026,7.8161,0.00047742318873384294
40688,22,2,,5293869800202038144,114.1383,-58.3772,8.866,7.99,0.53,0.08,6685.7919921875,1.7906999588012695,nan,nan,nan,nan,281576629,7.7068,0.00047531767534321435
40806,22,3,,5239810318189195776,161.5688,-64.5145,6.414,5.28,-0.13,0.3,13178.337890625,3.6937999725341797,nan,nan,nan,nan,391346342,5.4416,0.0004661184032671363
40839,22,3,,5237676544067023872,169.978,-63.7503,6.665,8.66,0.4,0.22,7574.779296875,1.4936000108718872,nan,nan,7501.28466796875,4.05503511428833,467980197,8.4597,0.0004964423291149616
41123,22,3,,5232616282307652352,156.0607,-68.1295,6.669,7.65,0.07,0.16,9651.447265625,1.6327999830245972,nan,nan,nan,nan,344500353,7.6452,0.000475337148615747
41135,22,3,,5241132584007693312,163.6177,-63.9726,6.668,8.96,0.54,0.34,6825.25439453125,1.5253000259399414,nan,nan,nan,nan,465470793,8.6729,0.0005007087629138976
41200,22,3,,5251452187812769664,157.1819,-64.5941,6.031,9.1,0.56,0.12,6592.08642578125,1.4912999868392944,nan,nan,nan,nan,460338822,8.8049,0.0005012591794937704
41333,22,4,,5308597380524531456,147.795,-53.183,7.311,8.6,0.49,0.1,6857.583984375,1.5825999975204468,nan,nan,nan,nan,131623724,8.3382,0.0004975378344927006
41378,22,4,,5250015327956903552,146.6767,-62.7094,7.202,7.68,0.31,0.1,7632.63427734375,1.817199945449829,nan,nan,nan,nan,362861389,7.529,0.0004746047426791459
41568,22,4,,5303185721716747520,136.3597,-58.9249,7.515,8.43,0.39,0.39,7280.35546875,1.4840999841690063,6991.0,4.03000020980835,nan,nan,384471898,8.234,0.0004840344270028717
41667,22,4,,5303854293507991680,135.8462,-57.7664,7.35,7.86,0.17,0.4,9114.033203125,1.4657000303268433,nan,nan,nan,nan,384169931,7.7953,0.0004774057132938033
41715,22,4,,5312899013595142912,142.8961,-51.2519,7.812,7.94,0.32,0.09,7690.5009765625,1.682800054550171,nan,nan,nan,nan,298450613,7.7792,0.00048294371068272307
41716,22,4,,5312912791851427840,142.5212,-51.5171,7.675,5.41,-0.11,0.17,12728.6845703125,3.0316998958587646,nan,nan,nan,nan,297967252,5.5324,0.00046643025740221726
41791,22,4,,5300164847881816576,136.85,-59.1497,7.185,7.7,0.12,0.39,8635.185546875,1.638700008392334,nan,nan,nan,nan,384722301,7.6574,0.00047570609199120914
41988,22,7,,5958109681059207680,266.1888,-39.8485,6.989,8.51,0.49,0.22,6892.50732421875,1.7209999561309814,nan,nan,nan,nan,151867242,8.2575,0.00048597163241997297
42052,22,8,,6734855001900424704,277.8468,-34.7502,6.864,8.14,0.25,0.45,9416.0419921875,1.4687000513076782,nan,nan,7946.69140625,4.143714427947998,28133905,8.0239,0.00047949420929425935
42278,22,8,,6730764715540788352,284.1687,-37.3434,6.537,5.32,-0.15,0.11,14164.904296875,3.052299976348877,nan,nan,nan,nan,113272022,5.4949,0.0004661126085422489
42335,22,9,,6034203689675848960,251.4518,-26.6496,9.212,7.01,0.04,0.13,10009.4033203125,1.5506999492645264,nan,nan,9625.841796875,4.378086566925049,409228490,7.01803,0.00047042479100046857
42410,22,10,,4108329187285480704,260.3582,-26.5013,6.558,7.5,0.15,0.16,9810.2734375,1.9764000177383423,nan,nan,nan,nan,83572005,7.44602,0.0004741059264647795
42500,22,11,,6093237431027231104,215.7408,-46.2794,5.922,8.5,0.3,0.45,nan,nan,nan,nan,7869.34716796875,3.9312498569488525,242583644,8.3517,0.0004843752540236026
42712,22,13,,6213115122214516608,230.1308,-28.2872,8.758,7.15,0.12,0.19,9806.9775390625,1.6478999853134155,nan,nan,nan,nan,225797367,7.13671,0.0004709258235302166
42793,22,13,,6049847575458556800,242.5411,-24.5826,9.269,6.62,0.04,0.3,9267.046875,2.0004000663757324,nan,nan,nan,nan,68047964,6.63432,0.0004686339766127103
42806,22,13,,6247340788886584064,239.779,-19.9353,8.533,8.41,0.59,0.15,7120.83544921875,1.5758999586105347,nan,nan,nan,nan,286016957,8.10275,0.00047986341759734394
42901,22,14,,5992457707091076736,244.3446,-42.8381,5.663,9.21,0.57,0.19,8520.5498046875,1.5723999738693237,nan,nan,7992.4970703125,4.202595233917236,292626924,8.9151,0.000506620152730185
42951,22,15,,5971000668971867904,250.627,-38.9302,5.696,9.11,0.47,0.67,7235.58984375,1.5245000123977661,6764.0,3.869999885559082,nan,nan,458181375,8.8717,0.0005065579581909995
42960,22,15,,5969567485567967360,253.7435,-41.0929,5.679,8.74,0.38,0.35,7853.80908203125,1.6734000444412231,nan,nan,7714.8818359375,3.983210802078247,340410923,8.5543,0.0005028213313490591
43029,22,15,,5970672288599120768,251.555,-39.7458,6.11,8.68,0.38,0.36,7444.75634765625,1.6433000564575195,nan,nan,nan,nan,78981730,8.4925,0.0004952682072207664
43240,22,15,,5971324234618260608,253.1038,-37.6075,6.034,8.94,0.45,0.55,7073.55126953125,1.5723999738693237,nan,nan,nan,nan,338356656,8.7074,0.00050177558714386
43277,22,15,,5971366394029695872,254.003,-37.5127,6.041,8.29,0.19,0.44,9427.25,1.4958000183105469,nan,nan,8349.279296875,4.1492180824279785,341088668,8.2143,0.0004874830609196894
43293,22,15,,5969457126408116864,249.8888,-39.6093,5.648,8.25,0.21,0.73,9876.1875,1.6739000082015991,nan,nan,nan,nan,84403234,8.1574,0.00048478916717360293
43327,22,15,,5968351361342059264,251.1774,-40.8398,5.842,5.6,-0.12,0.48,14118.029296875,3.4456000328063965,nan,nan,nan,nan,78357288,5.7468,0.00046664500931442745
43509,22,16,,5976629515654118272,254.9269,-37.4382,7.684,8.89,0.62,0.23,6400.87158203125,1.4947999715805054,nan,nan,nan,nan,343976519,8.5666,0.0004985691791359272
43525,22,16,,5978966385844418560,258.9095,-33.8341,7.396,7.78,0.18,0.24,9590.080078125,1.5514999628067017,nan,nan,8424.103515625,4.181678295135498,151704157,7.7143,0.0004789213129132347
43679,22,17,H,6237347499499399808,239.1993,-23.1842,6.929,7.69,0.29,0.62,9964.828125,1.917099952697754,nan,nan,9087.9873046875,3.952274799346924,12566318,7.56446,0.0004739540714936425
43700,22,17,H,6242670712027527040,243.5305,-22.2924,6.813,12.88,2.36,0.41,6607.8583984375,1.2009999752044678,nan,nan,nan,nan,49405035,11.823,0.0009087929910223015
43770,22,17,H,6243489715051060480,239.1667,-22.0279,6.744,8.57,0.77,0.5,7706.29833984375,2.1077001094818115,nan,nan,nan,nan,220764844,8.16619,0.0004807726315886477
44036,22,17,F,6244295760151546624,244.8718,-21.4038,7.605,8.96,0.69,0.5,6425.50634765625,1.604699969291687,nan,nan,nan,nan,49914991,8.60131,0.0004887927855691858
44349,22,17,I,6050627782031927296,247.7715,-24.078,7.52,13.06,2.35,0.44,6313.63037109375,1.0455000400543213,nan,nan,nan,nan,204799760,12.0266,0.0010143681447975362
44412,22,17,I,6049152374866183936,246.9815,-24.4385,7.512,13.13,2.4,0.42,6820.19775390625,1.0836000442504883,nan,nan,nan,nan,175743722,11.9427,0.000980148907502354
44537,22,17,,6016800001138806144,236.0905,-30.2008,6.767,8.75,0.46,0.18,7278.52099609375,1.4953999519348145,nan,nan,nan,nan,98963407,8.51377,0.0004869914755569349
44559,22,17,,6033974304072734592,252.5446,-26.7427,7.736,7.48,0.12,0.21,8577.1484375,1.635200023651123,nan,nan,nan,nan,191265664,7.43898,0.0004732240574764098
44611,22,17,,6031712501248440064,249.545,-29.678,7.193,9.04,0.62,0.22,6389.587890625,1.507099986076355,nan,nan,nan,nan,205461071,8.71246,0.0004930373414411399
44630,22,17,,6040704827039124096,238.2355,-29.8429,6.924,8.46,0.4,0.26,7440.2783203125,1.5898000001907349,nan,nan,nan,nan,24001971,8.26025,0.00048239364179048427
44701,22,17,,6233740654686482560,238.6254,-27.3387,6.604,6.11,-0.08,0.27,12683.5400390625,2.57669997215271,7950.0,4.900000095367432,nan,nan,24133681,6.21296,0.0004673809805301387
44712,22,17,,6235654766990811008,238.4029,-25.3272,6.198,4.62,-0.13,0.15,13861.232421875,4.534800052642822,nan,nan,nan,nan,24073753,4.805,0.00046547388238480557
44785,22,17,,6244725050721030528,245.0228,-20.0565,7.647,7.28,0.36,0.47,nan,nan,8000.0,4.730000019073486,nan,nan,49977090,7.23236,0.0004715155728150189
44812,22,17,,6021126064026491264,249.0648,-34.2,6.72,7.94,0.22,0.28,10255.025390625,1.5384000539779663,nan,nan,8172.23779296875,4.032359600067139,280828479,7.8463,0.0004776524149329663
44840,22,17,,6236181879737663616,239.4116,-24.4093,6.748,9.72,0.85,0.13,6427.330078125,1.436900019645691,nan,nan,nan,nan,77576598,9.2727,0.0005092496431513029
44881,22,17,,6236372954241870336,237.7829,-25.6499,6.762,9.66,0.81,0.32,6310.40087890625,1.4084999561309814,nan,nan,nan,nan,23874299,9.23596,0.000507519986629315
44930,22,17,,6245698187231874816,242.9939,-19.4503,7.087,6.57,0.28,0.29,13251.611328125,2.3780999183654785,nan,nan,17509.8515625,3.495856523513794,49202243,6.44002,0.0004679887899510652
45035,22,17,,6050322598840820096,243.7886,-23.7598,6.473,9.38,0.74,0.33,6794.05419921875,1.562600016593933,nan,nan,nan,nan,49439818,8.99331,0.0004992368367134739
45078,22,17,,6049497999479270272,243.7226,-25.4771,6.855,6.01,0.1,0.28,12590.5234375,3.2711000442504883,nan,nan,nan,nan,68637413,5.99266,0.0004669006038641904
45114,22,17,,6242196070900653952,242.8165,-23.2042,6.462,8.89,0.63,0.37,7271.8271484375,1.7245999574661255,nan,nan,nan,nan,49171686,8.56715,0.00048804997185373865
45135,22,17,,6045836900637278336,247.2166,-26.1988,7.477,9.36,0.72,0.15,6151.10400390625,1.3976000547409058,6531.0,4.360000133514404,nan,nan,175858118,8.98133,0.0004995725921285057
45309,22,17,,6242664222334854784,243.2983,-22.4853,6.556,8.73,0.69,0.38,8054.19384765625,1.909999966621399,nan,nan,nan,nan,49330990,8.36962,0.0004841602141407733
45420,22,17,,6049011053265501056,246.0888,-25.0255,7.147,8.11,0.98,0.28,nan,nan,8791.0,4.71999979019165,nan,nan,392393323,7.59932,0.000474331799173148
45472,22,17,,6042203392666261760,243.4492,-27.7929,6.57,9.17,0.66,0.22,6565.8115234375,1.614799976348877,nan,nan,nan,nan,68499562,8.81974,0.0004945121164067775
45490,22,17,,6049140417677195136,246.3513,-24.4658,7.2,7.49,1.48,0.2,nan,nan,8421.0,5.329999923706055,nan,nan,98688328,6.76094,0.0004691336155738235
45566,22,17,,6042277953299752064,243.3666,-27.4039,7.0,8.36,0.4,0.2,7792.37353515625,1.620300054550171,nan,nan,7660.26611328125,4.158468246459961,68405083,8.24833,0.0004822726456918211
45580,22,17,,6049967868902138496,243.0412,-23.9216,6.973,8.38,0.39,0.2,7987.25634765625,1.7202999591827393,nan,nan,nan,nan,68170251,8.18868,0.0004811863468543535
45606,22,17,,6241240904531925120,233.6252,-21.9189,6.439,8.51,0.37,0.19,9736.37109375,1.458799958229065,nan,nan,8560.77734375,4.167132377624512,73944666,8.34464,0.0004836133256604627
45737,22,20,,6003861291905111936,229.3649,-43.3839,6.81,8.41,0.31,0.42,7645.3203125,1.4537999629974365,nan,nan,7706.51953125,4.111344814300537,143420854,8.26,0.00048305603189092994
45838,22,20,,5906941644021801728,225.4938,-45.8486,7.164,7.96,0.44,0.38,7028.42138671875,2.1709001064300537,7257.0,4.440000057220459,nan,nan,334648804,7.7308,0.0004759305126164439
45856,22,20,,5907308051965769216,227.177,-44.4846,6.767,8.11,0.21,0.3,8464.583984375,1.569000005722046,nan,nan,8295.5234375,4.150115489959717,160632970,8.0196,0.0004793540734959786
45880,22,21,,6090407803495351296,208.7915,-50.7454,7.741,8.59,0.57,0.28,6560.7705078125,1.6376999616622925,nan,nan,nan,nan,241734117,8.2922,0.00048387923057807225
45943,22,22,,5996941824728489856,241.4427,-39.8434,7.568,7.93,0.25,0.31,7970.48046875,1.4962999820709229,nan,nan,nan,nan,69883377,7.8223,0.00047726886255466494
45991,22,22,,5997809579916196608,241.1853,-39.4348,6.968,6.92,-0.09,0.4,nan,nan,8000.0,4.550000190734863,nan,nan,69609942,7.038,0.0004706628441280071
46167,22,23,,6009732271682211328,236.7151,-36.9369,6.828,7.93,0.17,0.22,10311.2294921875,1.5016000270843506,nan,nan,8509.06640625,4.076318740844727,179051461,7.8728,0.00047727021207132536
46589,22,26,,6086135822861167872,196.2475,-47.3969,8.38,8.88,0.63,0.29,6323.2314453125,1.4352999925613403,nan,nan,nan,nan,453751173,8.5501,0.00048809026418464497
46594,22,26,,6085229378603010688,196.5694,-48.4634,7.581,4.64,-0.22,0.22,13243.873046875,3.825700044631958,nan,nan,nan,nan,244866914,4.8735,0.0004655228536735132
46632,22,26,,6134386000861475584,194.7493,-45.6607,8.368,8.91,0.62,0.28,6379.23095703125,1.368899941444397,nan,nan,nan,nan,248206261,8.5849,0.0004886408968693853
46643,22,27,E,6072504073402829056,182.7742,-56.4014,8.893,7.3,0.17,0.52,9972.626953125,1.5642000436782837,nan,nan,nan,nan,433276686,7.2327,0.00047228670979927717
46754,22,27,E,6072902994276659200,184.4713,-55.9756,9.677,7.69,0.6,0.42,6401.630859375,2.072700023651123,nan,nan,nan,nan,390472975,7.3702,0.0004732905852721932
46876,22,27,E,6071734350857944704,185.5059,-57.6325,9.394,11.86,2.17,0.52,6333.1953125,1.2452000379562378,nan,nan,nan,nan,411614400,10.8706,0.0007663118878143207
46962,22,27,E,6072437935220930560,183.3428,-56.8933,8.767,8.44,0.59,0.52,6583.86572265625,1.5755000114440918,nan,nan,nan,nan,411502344,8.1258,0.000483378045872117
46965,22,27,E,5341470132513014272,179.1104,-58.8214,9.309,8.38,0.57,0.59,6508.20263671875,1.5228999853134155,nan,nan,nan,nan,376010642,8.0798,0.0004846435229544417
47006,22,27,E,6125307127202400512,181.1851,-52.3544,9.349,8.31,0.55,0.45,6608.5986328125,1.513700008392334,6672.0,4.230000019073486,nan,nan,333192137,8.0168,0.0004796733462692313
47263,22,27,C,5858152189941308544,192.069,-67.1313,9.139,7.57,0.24,0.43,8912.0263671875,1.4610999822616577,7512.0,4.260000228881836,nan,nan,329657282,7.4598,0.0004747593499240206
47378,22,27,D,6126298474370909696,182.9949,-50.7702,8.866,8.38,0.54,0.59,6758.41259765625,1.4882999658584595,nan,nan,nan,nan,334221439,8.0966,0.00048049512890364286
47471,22,27,,5862730792572288512,193.7659,-63.6408,10.19,7.96,0.49,0.14,6966.8681640625,1.544800043106079,nan,nan,nan,nan,436501188,7.7033,0.00048081975869732155
47549,22,27,,6075075594872297216,191.0078,-53.5058,7.946,8.53,0.52,0.23,6784.30419921875,1.5573999881744385,nan,nan,nan,nan,162695390,8.2577,0.00048371818808691486
47721,22,27,,5788355123068307328,182.2811,-78.7813,10.019,6.79,0.33,0.41,7472.9814453125,2.247499942779541,7174.0,4.019999980926514,nan,nan,357208862,6.6267,0.0004686277442573325
47761,22,27,,5788542967758022784,181.7721,-78.7412,9.566,7.42,0.38,0.21,7351.80615234375,1.829699993133545,nan,nan,nan,nan,357165560,7.2311,0.0004715594443700902
47804,22,27,,5198926661906152320,161.4449,-80.5402,9.186,4.37,-0.28,0.18,16543.484375,3.2490999698638916,nan,nan,nan,nan,394821434,4.6631,0.0004653864877242658
47837,22,27,,6079490168425944448,192.5819,-49.8637,9.18,8.82,0.63,0.35,6317.9921875,1.3366999626159668,nan,nan,nan,nan,165904330,8.4835,0.0004871020239587366
47945,22,27,,6126517517699891712,182.0215,-50.6613,9.85,4.39,-0.22,0.14,14108.421875,3.975100040435791,nan,nan,nan,nan,333670665,4.6395,0.0004653758429747892
47971,22,27,,5368481662840656512,179.662,-52.7688,9.445,7.44,0.32,0.21,7662.09326171875,1.7728999853134155,nan,nan,nan,nan,332351556,7.2808,0.0004722012168513442
48096,22,27,,6125358151409872256,182.8115,-52.2176,8.258,7.87,0.25,0.45,7955.5556640625,1.541599988937378,nan,nan,8169.02880859375,4.320131778717041,994691031,7.7509,0.0004762930555443973
48105,22,27,,5344203861993131648,178.6481,-54.7326,7.41,8.91,0.57,0.16,6614.61279296875,1.4781999588012695,6964.0,4.489999771118164,nan,nan,375568111,8.6116,0.0004931849950914409
48141,22,27,,6130345536147985024,183.7346,-47.9486,8.578,8.03,0.39,0.21,7291.146484375,1.562399983406067,nan,nan,nan,nan,22316553,7.8359,0.0004768035833865016
48331,22,-1,,5236292568177112064,176.6338,-66.8569,5.418,9.02,0.47,0.01,7465.412109375,1.6241999864578247,nan,nan,nan,nan,296791789,8.7781,0.0005022897999342573
48360,22,-1,,4073399558263108736,281.1724,-25.37,6.367,8.28,0.81,0.02,6352.22412109375,2.914799928665161,nan,nan,nan,nan,155155774,7.85788,0.0004775729007886124
48774,22,-1,,4416753125199117312,233.862,0.3125,7.93,9.2,0.69,0.0,6176.58056640625,1.3889000415802002,6435.0,4.309999942779541,nan,nan,446178816,8.8363,0.0004942999966441107
48811,22,-1,,6011475994038502912,237.0325,-36.0293,6.051,9.59,0.71,0.01,6523.3798828125,1.47160005569458,nan,nan,nan,nan,179883581,9.2253,0.0005087922887115297
48827,22,-1,,5831036274705824640,246.327,-61.8534,7.123,9.72,0.69,0.02,6104.126953125,1.2143000364303589,6466.0,4.639999866485596,nan,nan,350461192,9.3542,0.0005206154880407401
48873,22,-1,,6084910451511649664,195.5313,-48.5816,5.253,8.59,0.51,0.01,6941.1376953125,2.1928999423980713,nan,nan,nan,nan,404235930,8.3246,0.0004838104839662898
48965,22,-1,,5965794928048291200,257.9577,-41.9982,6.482,8.83,0.58,0.01,6533.7451171875,1.7354999780654907,6740.0,4.239999771118164,nan,nan,382586203,8.5278,0.0005015928907721607
48979,22,-1,,5900237990363571584,224.628,-51.8381,8.107,8.09,0.46,0.01,7012.0458984375,1.7095999717712402,7008.0,4.090000152587891,nan,nan,312963420,7.8486,0.00047850118713591364
49176,22,-1,,4036204621746668672,270.8516,-38.1054,5.907,7.97,0.12,0.01,nan,nan,nan,nan,8908.880859375,4.172624111175537,327389840,7.928,0.0004790385261580616
49318,22,-1,,5568807149492195968,96.7466,-44.1227,9.726,7.85,0.61,0.0,6405.89501953125,1.8961999416351318,6488.0,4.150000095367432,nan,nan,232037378,7.5305,0.0004736480314957407
49410,22,-1,,6015513091503312512,236.8155,-32.6152,9.528,8.51,0.62,0.02,6382.06494140625,1.4895999431610107,6525.0,4.21999979019165,nan,nan,99294977,8.1847,0.0004812375287768445
49417,22,-1,,5996668974054811008,241.8567,-40.6195,5.191,10.66,0.91,0.05,6137.39599609375,1.309399962425232,6391.0,4.46999979019165,nan,nan,374638121,10.1883,0.0005899757380458232
49602,22,-1,,6026042083630442880,253.4973,-34.2229,4.573,10.25,0.76,0.01,6844.88623046875,1.541599988937378,6339.0,3.7699999809265137,nan,nan,33933837,9.8512,0.0005688767385376955
49655,22,-1,,6121732443086160384,209.9425,-35.8625,6.176,9.9,0.65,0.03,6321.01025390625,1.2294000387191772,6440.0,4.239999771118164,nan,nan,112183210,9.5556,0.0005220120974743146
49690,22,-1,,5994738506500381312,239.2455,-42.8842,5.801,9.72,0.79,0.27,6609.6142578125,1.5910999774932861,nan,nan,nan,nan,255263576,9.3036,0.000519259139996219
49765,22,-1,,5825837710683038336,235.8964,-64.6894,7.265,9.17,0.61,0.01,6411.2744140625,1.4127000570297241,nan,nan,nan,nan,424054713,8.8434,0.0004998750279598968
49819,22,-1,,6023009458701741440,244.6625,-35.4086,7.493,8.6,0.6,0.14,6579.0966796875,1.7460999488830566,nan,nan,nan,nan,96631952,8.2949,0.0004839955480568952
49822,22,-1,,5192826846272010880,115.3603,-85.9161,7.549,8.06,0.41,0.01,7179.880859375,1.8198000192642212,6843.0,3.869999885559082,nan,nan,405252236,7.854,0.00047675352320680097
49894,22,-1,,6121968219610778496,209.5688,-35.1784,5.219,9.88,0.68,0.01,6129.0625,1.5374000072479248,6323.0,4.059999942779541,nan,nan,112103193,9.5175,0.00052009170499741
49980,22,-1,,3603766221801927680,203.5489,-17.0743,7.236,8.8,0.64,0.0,6460.09423828125,1.711899995803833,6502.0,4.03000020980835,nan,nan,422350480,8.46348,0.0004857155748646257
50107,22,-1,,6716276966215745664,281.5831,-42.4587,6.075,8.61,0.47,0.06,7044.31298828125,1.844099998474121,nan,nan,nan,nan,182229308,8.3595,0.0004841538023751661
50108,22,-1,,5305277680038346240,144.3798,-59.8898,5.467,6.85,0.36,0.0,7662.91796875,4.046999931335449,nan,nan,nan,nan,440324158,6.6657,0.0004691701241584014
50306,22,-1,,5994826707951507200,239.1745,-42.3232,6.356,8.09,1.01,0.15,15001.2822265625,2.5208001136779785,nan,nan,nan,nan,255191560,7.5667,0.00047465146779585244
50381,22,-1,,6068828375974014336,204.0338,-52.7137,7.288,8.22,0.33,0.13,7569.80712890625,1.5822999477386475,nan,nan,7604.2353515625,4.0546956062316895,241308672,8.0608,0.00048039918974786234
50405,22,-1,,5953645324571793536,259.5227,-42.8982,8.103,7.62,0.18,0.12,9418.724609375,1.4829000234603882,nan,nan,nan,nan,216904777,7.556,0.00047638146439935947
50500,22,-1,,6099886349638035456,218.7721,-43.5546,7.878,7.78,0.35,0.2,7516.462890625,1.7822999954223633,nan,nan,7614.40185546875,4.029609680175781,128119540,7.6074,0.00047444601216733995
50501,22,-1,,5931906261764464384,245.2442,-54.9144,6.461,7.7,0.37,0.01,7341.1142578125,2.3571999073028564,nan,nan,nan,nan,208851484,7.5164,0.00047576129140392036
50552,22,-1,,5954527476495436800,269.4897,-44.7926,10.322,8.15,0.67,0.01,6197.39453125,1.6612999439239502,6347.0,4.190000057220459,nan,nan,23826956,7.8002,0.0004768455593960011
50747,22,-1,,5860588467228211968,185.2877,-65.8359,7.997,8.31,0.51,0.03,6782.173828125,1.6848000288009644,nan,nan,nan,nan,310556491,8.0409,0.0004839528216861507
50764,22,-1,,4052640400818155264,273.9132,-26.3278,7.96,8.24,0.45,0.01,7014.77197265625,1.6418999433517456,nan,nan,nan,nan,404923301,8.01452,0.00048210047589716245
50820,22,-1,,6063724889685860608,203.1767,-55.8277,10.867,8.02,0.55,0.15,6598.3974609375,1.499500036239624,nan,nan,nan,nan,457178653,7.7348,0.0004769632050811495
50850,22,-1,,5908313559651506176,225.9981,-43.7397,7.626,8.45,0.36,0.11,nan,nan,nan,nan,7662.17919921875,4.255504608154297,335139519,8.2691,0.0004830394155324196
50989,22,-1,,6010997328529547904,239.5227,-35.5347,6.232,9.4,0.64,0.01,6443.95654296875,1.4946999549865723,6431.0,4.25,nan,nan,386944962,9.0688,0.000503232796158742
51044,22,-1,,5882118176176040064,232.3867,-58.3517,10.721,6.98,0.26,0.03,nan,nan,nan,nan,8466.95703125,4.355898380279541,414090037,6.8561,0.00047102310599084695
51055,22,-1,,5245074230075552128,155.742,-66.9014,8.155,4.91,-0.17,0.07,13514.5673828125,3.371999979019165,nan,nan,14969.447265625,3.7336316108703613,344404782,5.101,0.0004657160746181695
51167,22,-1,,6065984179910876032,208.0121,-52.81,10.74,7.5,0.38,0.17,7371.30126953125,1.6004999876022339,nan,nan,nan,nan,241660079,7.3025,0.0004723894062631731
51304,22,-1,,6739410587781010304,292.0859,-37.2062,5.645,9.0,0.69,0.0,7581.755859375,1.8631000518798828,7357.0,4.309999942779541,nan,nan,269452393,8.639,0.000489516663823236
51423,22,-1,,5993836769532339200,244.8117,-40.8209,6.369,8.83,0.64,0.14,7058.02392578125,1.8838000297546387,6964.0,3.9200000762939453,nan,nan,3243257,8.5019,0.0004905963809190165
51429,22,-1,,6011053953378953472,240.5771,-35.2701,7.678,8.55,0.51,0.27,6802.880859375,1.5673999786376953,nan,nan,nan,nan,93610654,8.2863,0.00048331420666570835
51439,22,-1,,5516645733765290880,124.5806,-47.1349,4.491,8.7,0.52,0.01,6830.0107421875,2.438800096511841,6422.0,3.5299999713897705,nan,nan,82579679,8.4327,0.0004894710946846661
51440,22,-1,,6123156718663843456,213.3496,-33.5184,7.069,7.75,0.45,0.09,7061.259765625,2.3273000717163086,nan,nan,nan,nan,323269451,7.513,0.00047349182573915764
51728,22,-1,,6354979403828027136,324.7366,-79.4427,15.331,6.04,0.64,0.01,6363.57470703125,2.8808999061584473,6331.0,3.809999942779541,nan,nan,354944747,5.713,0.0004664080500154111
51809,22,-1,,6204792540747132544,226.0445,-31.9369,7.591,8.46,0.45,0.17,7217.71728515625,1.5507999658584595,nan,nan,nan,nan,75735567,8.2296,0.0004817308759619447
52012,22,-1,,6011129063768360832,240.0376,-35.0178,4.787,10.88,0.91,0.0,6424.25732421875,1.2338000535964966,6442.0,4.710000038146973,nan,nan,93286589,10.4079,0.0005997893120671484
52114,22,-1,,5903588442799783424,226.2975,-47.576,7.17,9.03,0.55,0.3,6667.14697265625,1.3902000188827515,6782.0,4.340000152587891,nan,nan,335454137,8.747,0.0004952295512750852
52170,22,-1,,6333559405489904768,222.5155,-7.1648,8.221,8.3,0.72,0.0,6099.19287109375,2.081700086593628,6389.0,4.190000057220459,nan,nan,26223771,7.92649,0.0004775514674556221
52330,22,-1,,6023214036588135296,244.9755,-34.5184,4.654,9.08,0.44,0.02,9712.6943359375,1.7562999725341797,nan,nan,8909.3720703125,4.123441696166992,210543142,8.8639,0.0004976024861463188
52377,22,-1,,5560283219960675584,110.5603,-42.9746,5.737,10.53,0.75,0.0,5914.3671875,1.0964000225067139,6500.0,5.5,nan,nan,59897771,10.132,0.0005687884913377455
52575,22,-1,,5942675011702530176,250.5831,-46.6474,6.211,9.28,0.67,0.0,6202.86767578125,1.6154999732971191,6445.0,4.130000114440918,nan,nan,233558430,8.9331,0.0005332096051880118
52583,22,-1,,6709096021416580096,280.1949,-44.3082,6.398,9.56,0.59,0.0,6470.53955078125,1.3178000450134277,6379.0,4.199999809265137,nan,nan,339917949,9.2516,0.0005091644648061358
52626,22,-1,,5560410277972890112,111.9143,-42.1549,4.985,9.57,0.6,0.01,6511.365234375,1.6337000131607056,nan,nan,nan,nan,60249269,9.2552,0.0005118209208050028
52907,22,-1,,6302692575045100032,211.4666,-12.7033,11.267,8.19,0.6,0.0,6426.25732421875,1.4277000427246094,nan,nan,nan,nan,385433140,7.8778,0.000476997125596073
52919,22,-1,,5560537928701420032,111.7891,-41.0555,5.214,8.36,0.08,0.0,8859.2119140625,1.6409000158309937,nan,nan,nan,nan,173380197,8.3521,0.00048489645443117115
52989,22,-1,,5357471874959136384,156.2214,-52.5516,6.896,8.27,0.29,0.09,7784.12158203125,1.5055999755859375,nan,nan,nan,nan,446604183,8.1309,0.0004848119158757916
53000,22,-1,,6100404013458686592,222.7445,-42.8226,6.868,6.8,0.18,0.13,9385.3193359375,2.625999927520752,7500.0,4.0,nan,nan,129948345,6.7241,0.00046900993941140353
53153,22,-1,,4118276361533290624,263.898,-20.9994,6.786,9.18,0.71,0.02,6578.984375,1.6155999898910522,6649.0,4.21999979019165,nan,nan,232925313,8.8045,0.0005007517140802908
53214,22,-1,,6066230023836182016,206.8042,-52.4863,5.583,8.55,0.32,0.0,nan,nan,nan,nan,7748.55029296875,3.9739644527435303,241553467,8.3914,0.00048633164074665517
53243,22,-1,,6006310660211768704,233.0172,-38.6228,18.075,6.18,0.29,0.02,7721.27685546875,1.556399941444397,nan,nan,nan,nan,149652741,6.0416,0.0004670134870800278
53273,22,-1,,6002393203373007104,232.587,-41.9201,7.046,8.46,0.39,0.24,7291.5830078125,1.5037000179290771,nan,nan,nan,nan,153079295,8.2641,0.0004831515082047698
53294,22,-1,,6075287697550492416,192.6381,-52.2346,7.046,7.58,0.27,0.02,10551.888671875,1.9263999462127686,nan,nan,8318.6416015625,4.052463531494141,166242293,7.4479,0.00047334913337184284
53460,22,-1,,6085052322872017152,197.3647,-48.5247,5.697,6.72,0.61,0.0,6311.4609375,9.789299964904785,nan,nan,nan,nan,244956310,6.4034,0.00046791726266353755
53620,22,-1,,5311467483832072832,138.6876,-53.6451,8.323,8.89,0.64,0.0,6289.7666015625,1.431399941444397,6333.0,4.070000171661377,nan,nan,461794638,8.5462,0.000497139824555582
53773,22,-1,,6008413510565572096,238.0783,-39.5161,7.403,8.07,0.26,0.25,7865.359375,1.5157999992370605,nan,nan,nan,nan,296483317,7.9532,0.0004785706089780517
53861,22,-1,,6168210551938298880,202.6021,-33.3307,6.953,8.73,0.5,0.0,6856.1162109375,1.6024999618530273,nan,nan,nan,nan,405537512,8.475,0.0004859603277396245
53938,22,-1,,5423790533689787008,139.2415,-45.0119,5.93,6.72,0.01,0.01,10424.630859375,2.7114999294281006,8948.0,4.03000020980835,nan,nan,75579180,6.7503,0.00047003292035336774
54033,22,-1,,6027429151877499904,252.2084,-31.9071,6.232,9.08,0.78,0.03,nan,nan,6501.0,4.269999980926514,nan,nan,97903198,8.6661,0.0004937836709029257
54301,22,-1,,5247826101524781568,137.9878,-67.7216,9.162,7.14,0.53,0.04,6670.01708984375,2.577500104904175,nan,nan,nan,nan,303312575,6.8627,0.00046962863568896803
54437,22,-1,,4709805100356505600,13.1505,-63.741,17.275,6.89,0.61,0.0,6341.45068359375,1.729699969291687,6549.0,4.239999771118164,nan,nan,234511278,6.57,0.00046839508998038364
54458,22,-1,,5517117969704876544,119.5473,-49.4895,5.4,9.05,0.54,0.0,6664.9150390625,1.823199987411499,nan,nan,nan,nan,269562937,8.7652,0.0004949792953008259
54603,22,-1,,5339115116039524096,169.5258,-59.5651,6.238,10.2,0.7,0.0,6055.9326171875,1.1165000200271606,6315.0,4.800000190734863,nan,nan,450716635,9.8306,0.0006241834780344913
54637,22,-1,,6067807032757457792,196.6481,-54.2927,7.109,7.87,0.37,0.0,7400.263671875,2.063499927520752,nan,nan,nan,nan,253393942,7.6827,0.000475836364984641
54734,22,-1,,5834930229549930240,240.9735,-58.1167,10.466,8.32,0.66,0.07,6220.1357421875,1.698099970817566,6395.0,4.190000057220459,nan,nan,426453339,7.976,0.0004818698019005499
54950,22,-1,,4379829321418679680,255.5662,-1.8484,8.064,9.5,0.81,0.01,6165.2587890625,1.295300006866455,6425.0,4.309999942779541,nan,nan,176210368,9.07464,0.0005016974162473693
55018,22,-1,,5217550739613796736,142.8489,-74.1553,9.89,8.5,0.62,0.03,6372.283203125,1.4052000045776367,nan,nan,nan,nan,452592416,8.1784,0.0004811842046724344
55143,22,-1,,6012593235290102272,232.6534,-37.6902,7.543,7.79,0.37,0.13,7401.66162109375,1.9502999782562256,nan,nan,nan,nan,149428565,7.6058,0.0004744393347660088
55207,22,-1,,4039043599504354944,271.2542,-35.4147,5.113,8.3,0.07,0.0,9882.8310546875,2.0074000358581543,8000.0,4.880000114440918,9990.228515625,4.125105857849121,194720468,8.3013,0.0004859198347126896
55256,22,-1,,6368016725516227840,300.1493,-72.9111,31.867,3.86,-0.02,0.02,9950.83984375,1.8375999927520752,nan,nan,nan,nan,469811127,4.0009,0.0004650992606495404
55269,22,-1,,6110115278109271808,211.5114,-41.1797,7.754,4.26,-0.3,0.21,18871.333984375,5.041100025177002,8000.0,5.320000171661377,nan,nan,179292555,4.5636,0.0004653313583982562
55270,22,-1,,5941492693109589248,246.243,-48.6015,8.144,8.21,0.44,0.21,7129.64453125,1.5757999420166016,nan,nan,nan,nan,2743109,7.9831,0.0004874375563209664
55614,22,-1,,6059357762620521472,186.0759,-58.9765,9.712,8.4,0.57,0.06,6571.72900390625,1.4282000064849854,nan,nan,nan,nan,401137605,8.1033,0.00048467693483517766
55853,22,-1,,5402213958015309568,169.4116,-34.7374,20.554,6.32,0.58,0.0,6483.005859375,1.8056000471115112,6477.0,3.9600000381469727,nan,nan,23583692,6.0214,0.0004669510450662143
56038,22,-1,,5895611863911960960,212.7615,-55.4477,6.263,7.72,0.29,0.01,8081.90283203125,2.194999933242798,nan,nan,nan,nan,210636260,7.5785,0.00047543259697502136
56083,22,-1,,5415821204685809536,155.5722,-43.2149,6.631,8.84,0.64,0.04,6380.5546875,1.8549000024795532,nan,nan,nan,nan,102691227,8.5058,0.00048787731782574316
56084,22,-1,,5972194910385133184,258.0674,-39.5073,15.355,5.64,0.04,0.03,9095.4091796875,1.8425999879837036,nan,nan,nan,nan,225263020,5.6654,0.0004666954302158216
56091,22,-1,,5899542995920975360,217.587,-49.5192,14.961,5.36,0.05,0.05,8994.7734375,2.06820011138916,8000.0,4.860000133514404,nan,nan,457557304,5.3815,0.0004659929878055778
56098,22,-1,,5953058803840740864,259.3802,-44.7778,5.199,8.31,0.19,0.01,10064.1611328125,1.7137999534606934,nan,nan,9394.787109375,4.038383483886719,216802683,8.2427,0.00048726008731085374
56329,22,-1,,6170485544575679104,207.9565,-32.9942,11.098,4.48,-0.2,0.06,14636.6279296875,2.9927000999450684,8619.0,5.519999980926514,nan,nan,111835484,4.7056,0.00046541094380480246
56348,22,-1,,5964139716386497920,254.1143,-44.8559,4.911,9.63,0.81,0.0,6744.2138671875,1.9823999404907227,nan,nan,nan,nan,247649196,9.2068,0.0005498410552437524
56352,22,-1,,6198599507144514432,223.2127,-37.8032,6.956,4.96,-0.24,0.16,15463.7509765625,3.3541998863220215,nan,nan,nan,nan,160444291,5.1919,0.00046578110229371497
56474,22,-1,,5240229850593990272,166.2338,-65.4151,7.185,8.79,0.55,0.02,6922.51025390625,1.6089999675750732,nan,nan,nan,nan,466577705,8.5008,0.000492876906610236
56509,22,-1,,5244242415174856192,145.4197,-67.9393,6.056,8.53,0.28,0.03,10348.5546875,1.4154000282287598,nan,nan,8027.8251953125,4.15247106552124,370880210,8.4005,0.00048583115133169706
56660,22,-1,,5565165566982921856,107.4395,-38.4064,6.777,9.23,0.6,0.0,6617.66748046875,1.3873000144958496,6480.0,4.269999980926514,nan,nan,157662502,8.9115,0.0004980760827510911
56673,22,-1,,5941997304562555136,247.2119,-47.2886,5.609,9.68,0.73,0.05,6710.14892578125,1.519700050354004,nan,nan,nan,nan,225825488,9.2914,0.0005561868820372944
56728,22,-1,,6757495939165742208,286.1044,-31.0472,6.272,5.45,0.09,0.03,9509.9501953125,4.820899963378906,nan,nan,nan,nan,425572138,5.45747,0.0004660676057272906
56768,22,-1,,6202135364741944448,223.709,-36.1533,4.694,8.92,0.41,0.0,7414.76513671875,2.0076000690460205,nan,nan,7568.52880859375,3.9796876907348633,160689879,8.7088,0.00049123946206931
56799,22,-1,,5998676819707873408,241.648,-36.8024,8.175,4.11,-0.26,0.2,15350.951171875,5.98799991607666,nan,nan,nan,nan,70041394,4.4109,0.00046525821992221544
56817,22,-1,,6074305863722610944,187.7125,-55.3413,8.6,7.95,0.47,0.02,6951.197265625,1.7628999948501587,nan,nan,nan,nan,272406021,7.7129,0.0004764380761434843
56845,22,-1,,5621349339856172928,135.9143,-39.0335,7.55,8.86,0.62,0.01,nan,nan,6399.0,4.099999904632568,nan,nan,191671357,8.5281,0.000493194337867437
56849,22,-1,,5241458589206104448,161.0135,-63.1726,5.643,9.59,0.61,0.04,6514.43310546875,1.4564000368118286,nan,nan,nan,nan,390754225,9.2656,0.0005316450690717374
56942,22,-1,,6703542834860701824,275.0883,-49.1277,8.247,7.88,0.39,0.05,7261.04443359375,1.7674000263214111,6991.0,3.940000057220459,nan,nan,326825252,7.6821,0.00047514029649290264
57261,22,-1,,6099006705976096384,217.2664,-46.3208,8.222,9.01,0.64,0.0,6269.220703125,1.3854000568389893,6442.0,4.150000095367432,nan,nan,127373704,8.6726,0.0004913491343710452
57287,22,-1,,5244351988380735488,147.6312,-67.1395,5.699,7.9,0.58,0.02,6786.36767578125,2.481100082397461,nan,nan,nan,nan,371447996,7.6001,0.000474735771237297
57309,22,-1,,4056752402428456832,265.8754,-30.177,8.055,7.72,0.38,0.0,7327.23974609375,1.9286999702453613,nan,nan,nan,nan,109103422,7.532,0.0004787448802076875
57470,22,-1,,6161481334618583936,202.6595,-38.8823,5.504,7.82,0.16,0.01,9841.1650390625,2.0480000972747803,nan,nan,8729.1591796875,3.814624309539795,461230237,7.7624,0.00047580653931615055
57646,22,-1,,6099080472034577664,217.1107,-45.8729,6.785,8.48,0.43,0.19,7289.505859375,1.6612000465393066,7448.0,4.409999847412109,nan,nan,127246209,8.2584,0.00048273359545272624
57714,22,-1,,6470519830886970880,313.1737,-53.2737,15.849,7.56,0.61,0.03,6382.2119140625,1.3840999603271484,nan,nan,nan,nan,166582002,7.2345,0.00047150346893766546
57922,22,-1,,6015637027078947328,237.1269,-32.0867,8.791,8.07,0.53,0.04,6815.37353515625,1.6850999593734741,nan,nan,nan,nan,442577704,7.7886,0.00047616859940542
57986,22,-1,,4121345996205457408,261.3719,-19.7409,7.454,8.2,0.44,0.0,7061.3876953125,1.7402000427246094,nan,nan,nan,nan,102513946,7.96646,0.0004792752689075553
58246,22,-1,,5953447034566025088,260.4128,-43.2406,6.127,10.25,0.71,0.03,6018.43798828125,1.1303999423980713,6394.0,4.820000171661377,nan,nan,217452722,9.8728,0.0005924620543227425
58250,22,-1,,5242441312041371136,150.3259,-70.7281,14.145,7.31,0.63,0.02,6282.6435546875,1.8309999704360962,6561.0,4.199999809265137,nan,nan,372161587,6.9787,0.00047021368429404046
58252,22,-1,,5240293450472486784,165.1486,-65.1508,6.834,9.58,0.69,0.0,6138.65625,1.3651000261306763,6466.0,4.329999923706055,nan,nan,466208002,9.2223,0.0005255279303230657
58432,22,-1,,4146800446275616256,271.283,-14.9543,6.681,9.33,1.04,0.01,6358.27734375,2.2360999584198,6491.0,4.150000095367432,nan,nan,361898230,8.7962,0.0005076736853082026
58605,22,-1,,5436766351438923776,143.7989,-35.8238,14.686,6.37,0.56,0.0,6546.67041015625,2.4102001190185547,6822.0,4.28000020980835,nan,nan,25321576,6.0725,0.00046709776132455996
58612,22,-1,,6111335598580052736,210.4402,-39.4387,9.011,7.51,0.23,0.11,nan,nan,nan,nan,8302.4501953125,4.218916893005371,179099805,7.4091,0.00047271947455994806
58661,22,-1,,6033086139195842432,252.6939,-27.9021,9.065,8.74,0.63,0.03,nan,nan,6411.0,4.269999980926514,nan,nan,14815752,8.41167,0.0004863428125917966
58708,22,-1,,6706568484702446720,275.0071,-48.7654,6.554,6.53,0.18,0.04,9658.2099609375,2.9809000492095947,nan,nan,nan,nan,326826240,6.4536,0.0004680590281905254
58715,22,-1,,6207308017194090240,229.7178,-32.8562,5.15,9.92,0.88,0.0,nan,nan,6325.0,4.079999923706055,nan,nan,272345384,9.4626,0.0005175750501454411
58747,22,-1,,6765146371119429376,294.9982,-27.536,6.43,8.51,0.52,0.01,7032.26904296875,1.8854999542236328,nan,nan,nan,nan,96928906,8.23638,0.00048185160932180817
58780,22,-1,,6007401444457008128,231.2338,-37.5017,7.487,8.43,0.55,0.05,6664.5234375,1.7125999927520752,6707.0,4.119999885559082,nan,nan,148901155,8.1471,0.0004807425321000997
58847,22,-1,,5322206718812246656,125.7297,-52.1236,13.652,5.88,0.01,0.01,9554.205078125,1.7374999523162842,nan,nan,nan,nan,388632909,5.9193,0.0004668251439650492
58967,22,-1,,5963792167643165696,256.3417,-44.3931,4.757,8.0,0.17,0.01,nan,nan,7775.0,4.289999961853027,9706.4208984375,4.103359222412109,124992198,7.9511,0.0004838649065936009
59021,22,-1,,6098288690525428608,218.0175,-46.1,7.383,8.53,0.41,0.16,7184.21826171875,1.4852999448776245,nan,nan,nan,nan,127731749,8.3161,0.00048379750327249676
59146,22,-1,,5963910154646834432,254.1575,-46.2817,4.837,8.29,0.28,0.01,9778.0283203125,1.947100043296814,nan,nan,nan,nan,247693255,8.1812,0.0004894110428945909
59168,22,-1,,6706600851576492032,275.8204,-48.3611,9.614,7.32,0.41,0.0,7307.60009765625,1.982100009918213,nan,nan,nan,nan,160800444,7.1122,0.00047084853192304305
59260,22,-1,,6712955925700304896,288.2528,-43.3479,5.065,10.0,0.59,0.0,6700.07421875,1.3209999799728394,6387.0,4.320000171661377,nan,nan,61564172,9.6837,0.0005291232425972474
59418,22,-1,,6010597896572331520,239.271,-35.9277,7.094,6.88,0.15,0.04,9701.8447265625,2.2629001140594482,nan,nan,nan,nan,58651139,6.8318,0.00046948784877585997
59420,22,-1,,6010573741675344640,238.7484,-36.2961,7.436,9.02,0.63,0.22,6333.11865234375,1.5044000148773193,nan,nan,nan,nan,301087756,8.6873,0.0004917285237315784
59429,22,-1,,6010622360705688448,240.3441,-36.9746,4.38,9.89,0.68,0.01,nan,nan,nan,nan,7513.8369140625,3.9878957271575928,59235933,9.5341,0.0005256909987493713
59493,22,-1,,5430952614988543104,141.3998,-37.2704,8.285,8.81,0.56,0.0,6600.72705078125,1.3460999727249146,nan,nan,nan,nan,4805528,8.5182,0.0004890414677373658
59553,22,-1,,6003114689151353856,232.3462,-40.164,5.92,8.71,0.58,0.17,6508.87451171875,2.022200107574463,6522.0,3.930000066757202,nan,nan,149294136,8.4093,0.0004855282767045163
59584,22,-1,,4054061274697305856,266.6907,-32.4561,5.722,8.42,0.46,0.01,7273.19287109375,2.083400011062622,nan,nan,nan,nan,111895987,8.1947,0.0004896497380416183
59694,22,-1,,5324919802424431232,133.6114,-50.1217,7.049,9.17,0.62,0.0,6400.61865234375,1.4242000579833984,6562.0,4.380000114440918,nan,nan,400133505,8.8488,0.0005097642245218865
59790,22,-1,,5806595363842823552,243.5075,-72.3276,11.056,8.27,0.61,0.03,6485.69677734375,1.3825000524520874,6575.0,4.349999904632568,nan,nan,426427912,7.9484,0.0004780798566187716
59853,22,-1,,6098444133982149376,220.4459,-46.2793,4.898,10.02,0.63,0.01,6383.59619140625,1.4364999532699585,6795.0,4.400000095367432,nan,nan,129062381,9.6869,0.0005343930220225944
59886,22,-1,,6013338944686302336,235.4716,-34.889,9.007,8.28,0.54,0.13,6693.29150390625,1.5293999910354614,nan,nan,nan,nan,8420443,8.0034,0.0004787540954546744
59896,22,-1,,6489909443564308224,349.242,-62.0013,48.876,5.5,0.67,0.01,6132.66357421875,1.2283999919891357,6505.0,4.690000057220459,nan,nan,234968549,5.1718,0.00046576064635161417
59992,22,-1,,6318398651972112512,232.5625,-8.0541,6.59,8.75,0.5,0.0,7121.62939453125,1.6019999980926514,nan,nan,nan,nan,37228007,8.49008,0.0004862272709243502
60344,22,-1,,5486102876987060864,113.4193,-57.7633,5.369,9.98,0.63,0.01,6351.04931640625,1.2878999710083008,6463.0,4.329999923706055,nan,nan,340137832,9.6523,0.0005285061344469194
60445,22,-1,,5890680485547870592,231.5683,-48.6387,13.169,7.93,0.62,0.0,6363.61328125,1.3686000108718872,6437.0,4.25,nan,nan,141691963,7.6007,0.0004753734329078429
60545,22,-1,,5449746017482539904,162.4874,-34.0582,8.799,5.58,0.05,0.0,8897.8193359375,4.1427998542785645,nan,nan,nan,nan,48780499,5.604,0.0004662519316798256
60632,22,-1,,5486228358750542464,113.9856,-56.6978,4.832,9.25,0.38,0.01,7312.705078125,1.5326000452041626,nan,nan,nan,nan,340216382,9.0596,0.0005019012890810361
60701,22,-1,,5990357124472942848,245.0546,-46.3492,5.28,8.0,0.16,0.08,nan,nan,nan,nan,9865.283203125,4.11342716217041,221262458,7.9591,0.00048314651031144365
61016,22,-1,,5246252215047293056,151.4823,-65.2366,5.08,8.19,0.19,0.01,10087.0498046875,1.8092000484466553,8227.0,4.53000020980835,nan,nan,375215895,8.1103,0.00048183990766891536
61053,22,-1,,5982616493898390272,239.3687,-50.2698,8.605,7.84,0.31,0.22,7643.99365234375,1.562000036239624,nan,nan,7722.3935546875,3.9354774951934814,292566342,7.6917,0.00047883030739663025
61104,22,-1,,5428936385543864832,136.8862,-39.832,7.12,7.85,0.23,0.01,8009.298828125,1.6677000522613525,nan,nan,nan,nan,192060892,7.7441,0.0004776690664489217
61506,22,-1,,6722925919194071424,277.8724,-42.0974,7.168,8.05,0.23,0.0,8007.8701171875,1.5650999546051025,nan,nan,nan,nan,91235807,7.9383,0.000478015512510937
61539,22,-1,,5962957329056628480,257.3755,-46.5413,7.392,8.71,0.51,0.11,6831.13232421875,1.4896999597549438,nan,nan,nan,nan,381441805,8.4522,0.0004934763214291651
61786,22,-1,,6262167840625509504,236.429,-15.1762,5.265,10.57,0.81,0.0,5663.63037109375,1.322700023651123,6335.0,4.159999847412109,nan,nan,294719850,10.1478,0.0005616105678991607
61852,22,-1,,6046821272776093184,252.4351,-24.6409,9.754,6.71,0.18,0.04,10084.7900390625,1.815999984741211,8188.0,4.539999961853027,nan,nan,191149891,6.63664,0.00046871011913662033
61917,22,-1,,6095178206488363264,209.4212,-47.0096,8.557,7.28,0.08,0.21,9651.7333984375,1.5724999904632568,nan,nan,nan,nan,420522238,7.2655,0.00047181869878605754
61946,22,-1,,6146871161547798016,188.3699,-41.4141,11.241,6.64,0.31,0.01,7573.53173828125,2.1296000480651855,nan,nan,nan,nan,144115005,6.4846,0.00046812976982998385
61963,22,-1,,6235685931272364672,239.0757,-25.4419,6.096,9.17,0.61,0.07,6719.3720703125,1.5888999700546265,nan,nan,nan,nan,77534050,8.84751,0.000494843619578563
61977,22,-1,,5846205927384434944,211.3897,-69.9873,8.863,9.31,0.7,0.01,6089.06591796875,1.184999942779541,6364.0,4.409999847412109,nan,nan,448568385,8.9395,0.0005030837417072836
62098,22,-1,,6093936101946751744,210.2163,-49.5261,6.781,8.2,0.39,0.05,7283.4736328125,1.9397000074386597,nan,nan,nan,nan,312134943,8.006,0.0004791705005315455
62129,22,-1,,6065381029065308416,205.437,-54.561,11.336,6.58,0.08,0.15,9984.6728515625,1.6069999933242798,nan,nan,nan,nan,453510803,6.5674,0.00046863249801142314
62156,22,-1,,5830829630907842816,248.1752,-60.624,8.163,8.47,0.53,0.02,6744.4248046875,1.5329999923706055,nan,nan,nan,nan,402648095,8.1972,0.00048300903756333966
62239,22,-1,,5276085474501467648,124.7487,-65.2781,6.312,8.7,0.42,0.04,7153.01025390625,1.587499976158142,6740.0,3.7100000381469727,nan,nan,309402106,8.4884,0.00048670199695179366
62372,22,-1,,4118865772879961472,266.8808,-20.8374,6.192,7.08,0.6,0.01,10007.623046875,3.4405999183654785,7532.0,4.039999961853027,nan,nan,170124183,6.76706,0.0004699305125161502
62477,22,-1,,5968129603558358400,251.3524,-42.1665,4.492,9.22,0.43,0.03,8036.50927734375,1.7525999546051025,nan,nan,7685.44189453125,3.880606174468994,235841944,9.0146,0.000523386015988799
62478,22,-1,,5970185621572661632,254.1012,-39.3014,5.418,9.13,0.48,0.14,7218.75537109375,1.5044000148773193,nan,nan,nan,nan,341247220,8.8823,0.0005153794050418034
62564,22,-1,,5940760147808680960,247.3115,-48.9553,5.472,9.02,0.4,0.08,7653.18115234375,1.5893000364303589,nan,nan,7655.7197265625,4.134429931640625,12747481,8.8229,0.0005244044880180653
62585,22,-1,,4094541483246409472,275.3567,-19.2721,7.073,8.04,0.83,0.01,6125.36572265625,3.027100086212158,6315.0,3.880000114440918,nan,nan,167058447,7.60318,0.00047747213158558634
62635,22,-1,,5854314619489968512,216.873,-61.9969,9.388,7.44,0.57,0.0,6536.58984375,2.2781999111175537,nan,nan,nan,nan,386362866,7.1428,0.0004732578034246043
62838,22,-1,,6046875561183621120,251.8405,-24.7066,8.766,9.38,0.69,0.01,6126.33740234375,1.1865999698638916,6458.0,4.389999866485596,nan,nan,206316623,9.01002,0.0005013257736784133
62918,22,-1,,6045204544013007104,246.8021,-27.1895,9.051,8.12,0.58,0.05,6592.19482421875,1.7186000347137451,6908.0,4.460000038146973,nan,nan,175634861,7.81596,0.00047655702228308283
62934,22,-1,,5968814771108770560,248.0852,-41.1909,4.946,9.49,0.68,0.02,7691.4970703125,1.7461999654769897,nan,nan,7730.791015625,4.2711615562438965,30003888,9.1385,0.0005201798545826164
63003,22,-1,,5872473775555530880,208.6594,-55.7384,10.292,7.2,0.39,0.04,7367.58740234375,1.784500002861023,nan,nan,nan,nan,208390962,7.0009,0.0004708222515682731
63014,22,-1,,5316796198197147904,130.1993,-56.1674,6.793,7.91,0.28,0.01,7780.77197265625,1.8661999702453613,nan,nan,7865.69384765625,3.9475362300872803,45188999,7.7739,0.00047679333003573153
63332,22,-1,,5886730386943243904,228.3292,-54.869,6.025,10.02,0.71,0.03,6349.76611328125,1.2581000328063965,6594.0,4.460000038146973,nan,nan,42145624,9.6495,0.0005794519067187484
63360,22,-1,,5963088342727789696,255.6065,-46.7773,6.352,8.77,0.59,0.06,6533.009765625,1.87090003490448,nan,nan,nan,nan,122973489,8.4707,0.0004958794851337108
63467,22,-1,,4061096469881929728,265.9867,-26.3068,5.937,8.25,0.7,0.0,7941.775390625,2.6284000873565674,nan,nan,nan,nan,203406617,7.8829,0.0004828085395185889
63562,22,-1,,5226663938665530752,176.1813,-73.7766,6.054,9.85,0.69,0.01,6325.4189453125,1.3257999420166016,6383.0,4.489999771118164,nan,nan,454788478,9.4914,0.0005237143912095325
63626,22,-1,,6192886440428595456,199.7428,-25.5957,12.29,7.99,0.74,0.04,5915.46142578125,1.9005000591278076,6312.0,4.539999961853027,nan,nan,97973318,7.5962,0.0004741978100191474
63698,22,-1,,5968187534082255104,250.8722,-41.9862,4.921,9.76,0.73,0.05,6710.73828125,1.9687999486923218,nan,nan,nan,nan,234101682,9.3808,0.0005501409320459108
63846,22,-1,,6221731548163400576,219.3706,-29.6829,6.233,8.21,0.42,0.03,7292.0673828125,2.0322999954223633,nan,nan,nan,nan,14430,7.99549,0.0004784417426021786
64067,22,-1,,4042252111883303552,270.5734,-33.7681,6.673,7.94,0.19,0.03,9824.3017578125,1.5872999429702759,nan,nan,8510.8251953125,4.0951409339904785,265663360,7.8606,0.00047903069475513523
64667,22,-1,,5907863069123752704,224.2057,-44.649,4.736,8.3,0.12,0.01,10054.5966796875,1.8194999694824219,8383.0,4.510000228881836,9330.65625,4.037419319152832,333646502,8.2618,0.0004829418551697512
64680,22,-1,,5422428651096124416,140.7431,-47.3169,9.466,8.09,0.47,0.02,7000.55322265625,1.4982999563217163,nan,nan,nan,nan,76743692,7.8468,0.000481628865261966
64852,22,-1,,5991410181738083456,240.9694,-44.3483,5.272,10.49,0.83,0.04,6224.50830078125,1.3194999694824219,6572.0,4.349999904632568,nan,nan,256902666,10.0558,0.0005904177469612497
64886,22,-1,,6086154926875943040,196.2774,-47.117,10.133,6.34,0.55,0.0,6801.12939453125,3.3889999389648438,6794.0,3.7899999618530273,nan,nan,453750774,6.0526,0.0004670299704606189
64923,22,-1,,3467506494551994624,179.5148,-31.6511,17.592,6.98,0.6,0.01,6437.83935546875,1.552299976348877,6709.0,4.349999904632568,nan,nan,142116609,6.6612,0.00046871894322541197
64982,22,-1,,6095833893374673024,212.9624,-46.8907,5.872,9.57,0.63,0.03,6436.7509765625,1.455399990081787,6590.0,4.239999771118164,nan,nan,242355345,9.24,0.0005096945828344154
64992,22,-1,,6213395154082598016,232.2021,-27.6214,7.116,9.49,0.7,0.15,6096.8994140625,1.3553999662399292,6404.0,4.690000057220459,nan,nan,185253549,9.11736,0.0005031182879230127
65031,22,-1,,6001788884292827904,235.9868,-42.0111,5.029,8.17,0.08,0.05,10331.21875,1.7247999906539917,nan,nan,9751.2158203125,4.074980735778809,254573019,8.162,0.0004818293612034802
65118,22,-1,,5993592506151832832,243.2665,-41.6248,5.771,10.18,1.06,0.03,6549.37744140625,1.625100016593933,nan,nan,nan,nan,303284647,9.6253,0.0005436286205324308
65150,22,-1,,6041555093123155840,239.3068,-27.6428,15.218,7.18,0.57,0.03,6525.0634765625,1.607699990272522,nan,nan,nan,nan,77618684,6.881,0.0004696327136892247
65197,22,-1,,5830944705994435200,249.7166,-59.6845,5.415,9.08,0.42,0.0,7356.89306640625,1.5672999620437622,nan,nan,nan,nan,222002351,8.8631,0.0004996426894294337
65337,22,-1,,6065138792911302784,208.8285,-53.5286,7.57,8.14,0.3,0.25,7711.2412109375,1.5680999755859375,nan,nan,7796.3388671875,4.061643600463867,241755717,7.9926,0.00047978433487820804
65396,22,-1,,5303286052150068352,134.2433,-59.2293,5.05,4.83,-0.29,0.03,17092.375,4.435800075531006,nan,nan,nan,nan,383287220,5.1082,0.0004657193784793103
65427,22,-1,,6094572719180018432,206.4247,-49.0831,6.935,9.09,0.6,0.25,6451.80078125,1.4678000211715698,nan,nan,nan,nan,241511379,8.7776,0.0004942476871343466
65437,22,-1,,4127980792913041664,256.1888,-20.4948,6.218,6.24,0.01,0.06,12701.5595703125,2.796099901199341,nan,nan,nan,nan,99371010,6.30416,0.00046765718062275987
65469,22,-1,,6463748969563201408,319.964,-53.4497,33.461,6.85,0.78,0.01,5792.83984375,1.0880000591278076,6639.0,5.5,nan,nan,79394645,6.4362,0.00046797119814068325
65490,22,-1,,6080863217929813120,199.0602,-50.9552,7.093,8.51,0.44,0.0,7073.986328125,1.6361000537872314,nan,nan,nan,nan,245234391,8.2858,0.000483552857860599
65540,22,-1,,5308362737842156800,147.021,-54.5784,7.676,8.67,0.55,0.03,6622.90087890625,1.5536999702453613,nan,nan,nan,nan,443493880,8.3749,0.0004990003966063085
65591,22,-1,,5529483562806389248,129.1055,-38.7654,4.87,9.58,0.5,0.01,6832.11865234375,1.5046000480651855,6708.0,4.099999904632568,nan,nan,180582095,9.3149,0.0005560768766521843
65613,22,-1,,4074209795222980096,286.1911,-25.2312,6.514,7.05,0.12,0.0,9927.6767578125,2.2939000129699707,nan,nan,nan,nan,109067466,7.015,0.00047035330813854974
65615,22,-1,,6079323317537098240,190.7284,-50.8167,6.674,8.66,0.45,0.14,7193.0263671875,1.5241999626159668,nan,nan,nan,nan,162399127,8.4297,0.0004862284563060479
65699,22,-1,,6633208416057269632,282.5055,-59.416,8.489,8.9,0.64,0.01,6312.3720703125,1.3967000246047974,nan,nan,nan,nan,456609935,8.5654,0.00048792220784007827
65731,22,-1,,5370885431469026560,177.5298,-49.5432,6.981,8.17,0.23,0.06,nan,nan,nan,nan,8191.67138671875,4.106809139251709,94554742,8.0613,0.0004798975595191909
65734,22,-1,,4044863585057595264,277.3878,-33.3182,6.239,9.0,0.61,0.01,6626.95263671875,1.7032999992370605,6818.0,4.28000020980835,nan,nan,196907897,8.6834,0.0004928174884208503
65771,22,-1,,6001055887996178816,234.1938,-44.7227,5.727,9.17,0.55,0.0,6641.7177734375,1.624899983406067,6801.0,4.340000152587891,nan,nan,290120077,8.8873,0.0005001377421846203
65781,22,-1,,6001046778362375808,233.9717,-44.9585,7.311,4.65,-0.26,0.08,17099.76953125,3.4958999156951904,nan,nan,18775.607421875,4.297902584075928,289877581,4.917,0.0004655625025445941
65814,22,-1,,5235080528392956544,172.8952,-67.7319,7.87,8.27,0.42,0.02,7157.0009765625,1.5694999694824219,nan,nan,nan,nan,296336450,8.0503,0.0004816729774827705
65830,22,-1,,5897858715909881472,216.8767,-52.5252,6.232,8.43,0.53,0.02,6718.66357421875,1.8030999898910522,6922.0,4.409999847412109,nan,nan,333544395,8.1587,0.00048274116280382534
65939,22,-1,,5984365816870110208,240.4608,-47.9762,4.706,11.05,1.28,0.03,6472.447265625,1.7023999691009521,nan,nan,nan,nan,275019944,10.3934,0.0006759377287340757
65961,22,-1,,4128169114323655168,257.6004,-20.0505,7.64,9.5,0.68,0.13,6192.73876953125,1.2561999559402466,6403.0,4.260000228881836,nan,nan,101251648,9.14825,0.0005073851954428981
65986,22,-1,,5845487911944804864,198.7912,-67.8805,8.677,7.3,0.19,0.1,8221.703125,1.704300045967102,7631.0,4.320000171661377,nan,nan,338464960,7.2203,0.00047238099933137546
66023,22,-1,,5317412096511795456,132.6962,-54.1129,5.67,8.15,0.1,0.12,8785.642578125,1.6009999513626099,nan,nan,8923.015625,4.169950485229492,121956658,8.1263,0.0004828880489469192
66107,22,-1,,5348352388077011200,170.9626,-52.8421,7.981,8.12,0.58,0.01,6541.72705078125,1.9675999879837036,nan,nan,nan,nan,91474697,7.8081,0.0004774317790214139
66174,22,-1,,4136396042590520832,258.2115,-15.3728,6.218,8.9,0.47,0.03,7961.51513671875,1.5396000146865845,7409.0,4.03000020980835,7840.876953125,4.2493181228637695,434868744,8.65424,0.0004907883848031175
66209,22,-1,,4045851912981369600,273.9045,-32.3429,7.059,7.39,0.48,0.11,6923.21728515625,2.5917000770568848,nan,nan,nan,nan,61191745,7.13816,0.0004714589397284423
66296,22,-1,,5350989875979153280,163.3096,-57.8492,6.453,8.78,0.64,0.01,6371.77587890625,1.9872000217437744,nan,nan,nan,nan,459704082,8.4424,0.0004991763489903481
66425,22,-1,,5923012380855668992,261.2,-54.5625,9.945,7.07,0.2,0.06,8530.443359375,1.674299955368042,nan,nan,nan,nan,291417201,6.9792,0.00047030176417550506
66606,22,-1,,6260648762233972992,237.6134,-17.5771,7.648,9.15,0.72,0.03,6357.39111328125,1.4771000146865845,nan,nan,nan,nan,294843864,8.77664,0.0004928099557023097
66707,22,-1,,3459806786421611136,181.6665,-37.8482,6.628,9.11,0.6,0.01,6446.900390625,1.5542000532150269,6494.0,4.199999809265137,nan,nan,461203062,8.7962,0.0004933685892501537
66938,22,-1,,5527930949308288128,126.2171,-40.2469,7.524,9.14,0.61,0.0,6423.18212890625,1.3473000526428223,6377.0,4.070000171661377,nan,nan,183815877,8.8263,0.000516799892870659
67009,22,-1,,5955309813392304384,265.4751,-44.784,6.233,7.79,0.24,0.02,10752.14453125,1.7973999977111816,nan,nan,8469.1494140625,4.294013977050781,31213193,7.6825,0.0004760364158162584
67159,22,-1,,5481349486357753984,94.3373,-61.2462,11.095,8.39,0.61,0.05,6407.66455078125,1.3079999685287476,6442.0,4.460000038146973,nan,nan,150249155,8.0692,0.00047939105515281956
67164,22,-1,,5481327629267108992,92.7205,-61.4997,13.03,7.36,0.49,0.03,6832.291015625,1.5814000368118286,nan,nan,nan,nan,150143137,7.0964,0.0004706777241045004
67251,22,-1,,6256370631203976832,228.3297,-19.6477,11.538,6.04,0.18,0.01,9949.3916015625,2.6754000186920166,nan,nan,nan,nan,70367797,5.9671,0.00046684244085869127
67254,22,-1,,4329299275994686080,243.7464,-14.6391,9.283,8.07,0.47,0.02,7075.89697265625,1.5454000234603882,nan,nan,nan,nan,52601119,7.83198,0.0004765189017056639
67315,22,-1,,5251591482193162112,154.7708,-64.6762,11.396,6.32,0.09,0.08,9772.892578125,1.6856000423431396,nan,nan,nan,nan,378035923,6.2966,0.00046779205552690374
67316,22,-1,,5251591477884660352,154.7696,-64.6757,11.462,6.46,0.07,0.09,9611.5166015625,1.6169999837875366,nan,nan,nan,nan,847861519,6.4467,0.0004682756239537286
67454,22,-1,,6045878952655244416,246.4913,-26.0105,6.316,12.07,1.87,0.13,8207.994140625,1.12090003490448,nan,nan,nan,nan,98690271,11.1638,0.0007337026952026054
67612,22,-1,,5499936524267870208,96.7239,-53.5819,8.689,8.46,0.53,0.01,6716.17822265625,1.4656000137329102,nan,nan,nan,nan,255586960,8.1826,0.00048099645246091485
67647,22,-1,,5253018029826598400,154.1666,-62.3057,9.351,8.18,0.51,0.0,6821.96142578125,1.5240999460220337,nan,nan,nan,nan,377374093,7.911,0.0004803633136483253
67664,22,-1,,5379269555527993600,175.4782,-44.1034,10.94,7.78,0.56,0.01,6638.0615234375,1.7007999420166016,nan,nan,nan,nan,421186672,7.4904,0.0004733946412170168
67734,22,-1,,5982299971995903488,236.206,-51.0187,4.723,8.22,0.11,0.02,nan,nan,nan,nan,9061.1494140625,4.016817569732666,266754368,8.1971,0.0004879322944409558
67859,22,-1,,5318264630338850560,130.7218,-53.7502,5.099,8.07,0.3,0.02,7650.21533203125,2.2997000217437744,nan,nan,7982.2041015625,3.9965927600860596,94106709,7.9274,0.00047933344362796826
68013,22,-1,,5534144250855297664,119.3107,-41.6039,4.471,9.54,0.67,0.0,6355.5625,2.454900026321411,6369.0,4.039999961853027,nan,nan,132239659,9.1963,0.0005175025263086727
68026,22,-1,,6125166320993323392,182.9127,-52.3685,11.835,3.86,-0.23,0.1,15230.1923828125,3.941999912261963,nan,nan,nan,nan,334217681,4.1334,0.00046514553275048796
68050,22,-1,,5536306066814842496,114.7534,-41.5356,7.417,8.63,0.49,0.0,6863.2412109375,1.513200044631958,nan,nan,nan,nan,174603437,8.3757,0.0004859819155793354
68144,22,-1,,4347871779739475072,240.0971,-8.1943,6.846,8.54,0.58,0.02,7271.48388671875,1.8569999933242798,nan,nan,nan,nan,49520418,8.23502,0.0004817525711044186
68293,22,-1,,4350939829495923456,247.8257,-7.921,8.011,7.19,0.67,0.03,6542.1650390625,3.2144999504089355,nan,nan,nan,nan,40671033,6.8417,0.00046944061368917864
68408,22,-1,,6127018036004204032,185.652,-49.3262,5.169,7.91,0.21,0.0,9831.580078125,2.1447999477386475,nan,nan,nan,nan,273221537,7.818,0.000476686351523503
68537,22,-1,,5892241070504664064,213.7379,-57.0862,7.893,5.01,-0.05,0.23,13024.166015625,4.086900234222412,nan,nan,15505.43359375,4.287200927734375,409358619,5.1227,0.0004657679486319644
68603,22,-1,,5489192607740753408,114.5591,-54.0082,4.762,9.08,0.32,0.0,7583.2294921875,1.5881999731063843,nan,nan,7639.880859375,3.9998388290405273,262570768,8.9265,0.0004978737809442744
68614,22,-1,,5360285765724531200,164.2824,-50.765,9.124,5.86,0.24,0.01,7949.01171875,3.450500011444092,nan,nan,nan,nan,120856811,5.7606,0.00046654090031755466
68616,22,-1,,4040635280015859840,268.2401,-35.6245,14.139,5.93,0.46,0.03,6960.46875,2.9535000324249268,nan,nan,nan,nan,256086522,5.7012,0.0004665067948943859
68632,22,-1,,4118629923248676480,266.668,-21.5113,7.186,9.08,0.67,0.01,6440.7626953125,1.5672999620437622,nan,nan,nan,nan,240468218,8.72734,0.000503915199281646
68723,22,-1,,5398738710997664896,170.5673,-36.4862,11.655,7.83,0.63,0.01,6291.47265625,1.6748000383377075,6334.0,4.019999980926514,nan,nan,152231928,7.4959,0.00047336884085816456
68819,22,-1,,6131118832116740992,183.6192,-47.6128,6.887,9.56,0.71,0.18,6153.0458984375,1.395400047302246,6315.0,4.429999828338623,nan,nan,22214795,9.1813,0.0005068531617238756
68910,22,-1,,4329779796938454400,244.4988,-13.4449,9.392,7.29,0.44,0.02,7189.26806640625,2.1454999446868896,nan,nan,nan,nan,52798387,7.06107,0.00047049296682739287
68957,22,-1,,4052282574125365120,274.9303,-27.5063,8.159,7.99,0.35,0.01,7427.716796875,1.6297999620437622,nan,nan,nan,nan,128595488,7.81432,0.00047820293194599395
69038,22,-1,,4055010982172546304,264.2443,-32.1288,10.529,7.01,0.13,0.13,9586.2119140625,1.4452999830245972,nan,nan,nan,nan,104642645,6.9607,0.00047266417413710006
69041,22,-1,,5966705529829233280,254.4854,-40.3525,6.023,9.27,0.58,0.0,6654.3271484375,1.5733000040054321,nan,nan,nan,nan,342557548,9.0188,0.000527784915072849
69049,22,-1,,4363171861994812544,259.459,-4.9711,6.487,10.15,1.16,0.0,6088.9052734375,1.6374000310897827,6438.0,4.269999980926514,nan,nan,58963900,9.55216,0.0005227911608288869
69112,22,-1,,6013677869145520768,232.7649,-35.6399,7.998,7.88,0.39,0.03,7369.3349609375,1.7796000242233276,nan,nan,nan,nan,54800748,7.6837,0.00047510827085288723
69118,22,-1,,6125319153105709824,181.8194,-52.7042,7.528,8.25,0.51,0.01,6795.654296875,1.8626999855041504,6743.0,3.9800000190734863,nan,nan,333572849,7.9795,0.0004792468683599162
69315,22,-1,,4110602530665608064,262.854,-23.9628,8.15,4.71,0.06,0.03,nan,nan,nan,nan,9692.48046875,3.357689380645752,191913102,4.76064,0.0004654638897540256
69560,22,-1,,5819811291755502976,235.0476,-70.2281,12.806,6.41,0.09,0.02,8878.244140625,1.6229000091552734,nan,nan,nan,nan,263789026,6.3893,0.0004679051902972638
69649,22,-1,,6043228000066913408,240.1777,-26.3917,6.394,9.14,0.8,0.07,6503.4130859375,1.892699956893921,nan,nan,nan,nan,66863805,8.72397,0.0004916456353728499
69682,22,-1,,6091918635553456384,217.2161,-47.9922,6.925,6.36,-0.12,0.15,13113.603515625,2.039900064468384,nan,nan,nan,nan,211517703,6.4848,0.00046820178459547644
69858,22,-1,,4348584297634944640,240.8199,-8.4806,7.669,7.69,0.43,0.01,7626.6826171875,2.109600067138672,nan,nan,nan,nan,49681241,7.47833,0.0004732118154000592
69867,22,-1,,4353759801942875136,252.1945,-4.227,8.491,9.33,0.74,0.0,6272.5185546875,1.2719000577926636,6417.0,4.46999979019165,nan,nan,157535266,8.93751,0.0004972209053134264
69964,22,-1,,5425557998627260800,143.8452,-41.4743,6.893,8.22,0.3,0.01,7750.3203125,1.5979000329971313,nan,nan,7822.3017578125,4.183774471282959,5848538,8.075,0.0004812182721316225
69978,22,-1,,6055601938300689664,191.7981,-61.2235,7.139,8.66,0.53,0.01,6731.201171875,1.6368999481201172,nan,nan,nan,nan,460738814,8.3828,0.0004962374944354975
70244,22,-1,,5235961649538643328,174.3302,-66.898,10.426,8.4,0.59,0.03,6566.00244140625,1.3366999626159668,nan,nan,nan,nan,392116188,8.0943,0.0004831686819074871
70395,22,-1,,6225298840624107264,224.3417,-27.3208,6.787,9.04,0.52,0.13,6861.4931640625,1.4529000520706177,nan,nan,nan,nan,440867932,8.76804,0.000492594036437213
70396,22,-1,,6225246171441652480,224.2225,-27.8024,5.853,9.55,0.64,0.07,6562.98583984375,1.475000023841858,nan,nan,nan,nan,440864431,9.21318,0.0005063929897307479
70414,22,-1,,6053327426699894912,184.609,-64.0031,10.49,3.95,-0.27,0.09,15184.3095703125,3.73580002784729,nan,nan,nan,nan,309537028,4.2465,0.0004652050747679704
70421,22,-1,,5502048376866708224,101.6003,-51.1998,6.888,8.1,0.22,0.02,8192.5576171875,1.5090999603271484,nan,nan,8182.84765625,4.147985458374023,237951156,8.0054,0.0004786148434155325
70533,22,-1,,5228361962579665152,169.9693,-70.6184,10.776,8.04,0.55,0.09,6758.3125,1.4931000471115112,nan,nan,nan,nan,295032503,7.746,0.00047642586034580024
70655,22,-1,,4343365396972554496,242.9871,-10.6224,9.155,8.77,0.7,0.02,6245.90869140625,1.4641000032424927,6332.0,4.079999923706055,nan,nan,420894883,8.4023,0.0004846141065095808
70838,22,-1,,5506351109465809664,113.9016,-48.3378,5.456,9.3,0.65,0.0,6395.82421875,1.725000023841858,nan,nan,nan,nan,267466707,8.9621,0.0004997044374287728
70873,22,-1,,5932565522033067392,242.987,-54.3229,5.229,8.68,0.33,0.02,nan,nan,7504.0,4.170000076293945,7743.00439453125,3.8123271465301514,207215394,8.5197,0.0004991983200958776
70991,22,-1,,6138128600997628032,199.0258,-40.7909,7.196,9.58,0.68,0.01,6128.43310546875,1.2862000465393066,6407.0,4.360000133514404,nan,nan,30538421,9.2162,0.0005067654574258151
71027,22,-1,,4119024480521303168,267.3984,-20.0068,7.716,7.55,0.26,0.05,10118.3525390625,1.8041000366210938,nan,nan,7999.63916015625,4.075361251831055,334882532,7.42869,0.0004746025484624558
71030,22,-1,,5965927316104213120,257.0233,-41.6149,8.22,6.95,0.3,0.02,7648.50634765625,1.8499000072479248,nan,nan,nan,nan,379498397,6.8185,0.00047121469881869856
71203,22,-1,,6248001350556145152,236.542,-19.3663,5.815,9.51,0.65,0.01,6692.1376953125,1.5041999816894531,6679.0,4.289999961853027,nan,nan,70867237,9.16465,0.0005046420740580009
71362,22,-1,,4050432718869767040,272.7635,-29.7526,8.622,7.71,0.32,0.0,7558.5,1.6950000524520874,nan,nan,7609.8017578125,3.8852760791778564,249257127,7.54927,0.00047536527012845747
71367,22,-1,,6254552382574243584,233.1528,-19.6706,13.659,5.46,0.21,0.01,nan,nan,7697.0,4.150000095367432,nan,nan,73852746,5.3875,0.0004659809974656539
71370,22,-1,,6238470513186055936,234.1465,-23.996,7.827,7.91,0.6,0.0,6517.376953125,2.4112000465393066,nan,nan,nan,nan,147692175,7.59266,0.00047418215678116305
71629,22,-1,,6251168188861721472,231.211,-23.5093,8.69,8.15,0.57,0.02,6677.09912109375,2.400099992752075,nan,nan,nan,nan,428924165,7.85374,0.0004767465438366507
71635,22,-1,,4326157146644280064,250.2627,-15.3573,10.137,8.28,0.64,0.02,6478.1279296875,1.5262000560760498,6583.0,4.309999942779541,nan,nan,398578465,7.9396,0.0004777951241342101
71720,22,-1,,5551248292393667200,99.6534,-48.2173,6.777,7.47,0.11,0.0,9993.5126953125,1.8212000131607056,nan,nan,8773.1640625,4.117437362670898,255756039,7.4401,0.00047294594862144475
71750,22,-1,,5987421394064245760,234.2323,-46.1514,7.531,7.96,0.36,0.02,7351.3623046875,1.80239999294281,nan,nan,nan,nan,290112560,7.7736,0.00047702787394012224
71829,22,-1,,6211094559143445888,229.4837,-30.4783,8.095,8.8,0.59,0.15,6646.298828125,1.4142999649047852,nan,nan,nan,nan,272341056,8.49577,0.0004864481263799812
72009,22,-1,,4664985604795813632,70.5878,-63.2155,11.196,7.92,0.56,0.01,6618.7646484375,1.5074000358581543,6497.0,4.070000171661377,nan,nan,55451918,7.6273,0.0004744691581768179
72098,22,-1,,6141995823908711424,195.9025,-38.9685,10.251,7.8,0.48,0.01,6926.6650390625,1.5983999967575073,nan,nan,nan,nan,102219915,7.5447,0.0004737578479069404
72100,22,-1,,5925532800797072128,261.0628,-50.3861,5.222,10.06,0.7,0.02,6551.76904296875,1.3990999460220337,nan,nan,nan,nan,214361331,9.6877,0.0005444213897759123
72130,22,-1,,5344474032612656000,177.1123,-54.1552,6.128,9.32,0.66,0.04,6465.14599609375,1.4605000019073486,6344.0,4.260000228881836,nan,nan,268550619,8.9698,0.0005049785116983005
72171,22,-1,,4050241953642766848,270.3535,-29.8742,7.94,9.49,0.77,0.03,6117.74365234375,1.4414000511169434,6516.0,4.429999828338623,nan,nan,195874552,9.084,0.0005219251507415096
72277,22,-1,,4349685870846264064,239.922,-7.3021,6.894,6.6,0.16,0.01,9763.7548828125,2.8884999752044678,nan,nan,nan,nan,49510195,6.54673,0.00046831894647706215
72292,22,-1,,5320085249787566848,123.1362,-54.1463,11.806,6.88,0.47,0.04,6911.50927734375,2.108099937438965,nan,nan,nan,nan,342173536,6.632,0.0004687366206870138
72348,22,-1,,6131993635356365440,187.3332,-46.4165,5.454,9.22,0.56,0.02,6603.0791015625,1.6827000379562378,nan,nan,nan,nan,72443553,8.9302,0.0004977518744564879
72422,22,-1,,5552070344838579712,99.4824,-47.765,6.402,9.81,0.64,0.01,6285.29296875,1.218500018119812,6348.0,4.28000020980835,nan,nan,156932204,9.4731,0.0005178850112746614
72462,22,-1,,5301817585651242624,131.9104,-59.6179,6.18,8.28,0.21,0.01,8084.57421875,1.5923999547958374,nan,nan,8183.06591796875,4.0774993896484375,46036555,8.1853,0.0004822638989485816
72563,22,-1,,5544335319197432576,120.4099,-36.6711,6.032,8.42,0.22,0.02,8071.6337890625,1.5530999898910522,nan,nan,8076.5322265625,3.940861225128174,133036961,8.329,0.0004906967814964791
72581,22,-1,,5491213789286967808,107.9509,-54.2773,4.914,8.99,0.31,0.0,7808.298828125,1.6038000583648682,nan,nan,7700.67529296875,4.012365341186523,294157254,8.8422,0.000494860624877617
72630,22,-1,,5494085885459376256,116.2775,-49.4058,6.791,8.7,0.45,0.07,7075.8505859375,1.5247999429702759,nan,nan,nan,nan,268189641,8.474,0.00048709685132510943
72687,22,-1,,4136340001855513472,258.4029,-15.5604,8.953,6.68,0.24,0.01,7914.80322265625,2.300299882888794,nan,nan,nan,nan,434884538,6.56893,0.00046845485390358194
89958,27,1,A,3210328835028879872,79.4015,-4.7295,3.57,9.02,0.11,0.26,nan,nan,nan,nan,9717.716796875,4.070112705230713,249065072,9.0041,0.0004994447954641722
89959,27,1,A,3210223896091434496,79.4717,-5.2766,3.394,11.41,0.75,0.3,6375.26416015625,1.2723000049591064,6473.0,4.320000171661377,nan,nan,249070893,11.019,0.0006874290117241824
90303,27,1,,3221957265708038656,82.387,1.0989,3.096,11.33,0.68,0.19,6271.81982421875,1.3698999881744385,6453.0,4.320000171661377,nan,nan,264741070,10.9714,0.0006843795293038835
90313,27,1,,3209524748433972992,83.5633,-5.197,3.219,10.47,0.65,0.13,nan,nan,6487.0,4.150000095367432,nan,nan,427352742,10.1236,0.000561356666083526
90355,27,1,,3210038731462325504,79.7807,-5.3008,3.232,10.82,0.65,0.21,6663.2392578125,1.4616999626159668,nan,nan,nan,nan,249077668,10.4768,0.0005989840827292898
90514,27,1,,2988947769414690944,80.8924,-11.978,3.43,9.35,0.14,0.19,9547.1162109375,1.5307999849319458,nan,nan,8661.8154296875,4.111602306365967,442928663,9.30544,0.0005103571491067031
90564,27,1,,3182061314495503232,76.563,-10.4394,3.735,9.64,0.32,0.24,7661.7734375,1.6065000295639038,nan,nan,7700.01513671875,4.065544128417969,43727900,9.4832,0.0005179705484331678
90770,27,1,,3217795000018315904,84.3839,-0.3621,3.217,10.2,0.56,0.1,6636.87744140625,1.8344000577926636,6413.0,3.9600000381469727,nan,nan,11197836,9.9086,0.0005457141624482909
91032,27,1,,3023908116007806208,86.2244,-3.9032,3.037,10.73,0.61,0.12,6497.1787109375,1.6629999876022339,nan,nan,nan,nan,72884903,10.4096,0.0005952649154800483
91045,27,2,,3190312225845511296,61.4293,-11.6275,4.838,8.99,0.5,0.16,6856.02587890625,2.1898000240325928,nan,nan,nan,nan,34236772,8.72726,0.0004914262585991367
91076,27,2,,3192075288443914752,63.9698,-9.96,4.61,8.37,0.21,0.22,10538.88671875,1.846500039100647,nan,nan,8954.0810546875,4.3066558837890625,67774484,8.27715,0.0004824690503273082
91108,27,2,,3197182077575402368,63.0527,-6.0216,4.518,9.63,0.67,0.1,6387.5185546875,1.9020999670028687,nan,nan,nan,nan,67687692,9.2782,0.0005090951800560922
91276,27,2,,3187367523251496320,74.2766,-6.5319,4.336,8.34,0.04,0.28,nan,nan,nan,nan,9709.0654296875,4.190421104431152,138798685,8.34972,0.00048369228204710223
91386,27,3,,3012635476123721472,86.6577,-8.8287,3.389,9.13,0.16,0.42,nan,nan,nan,nan,8590.94921875,4.1381707191467285,66533066,9.06928,0.0005019318050513344
91389,27,3,,3012796932535771648,87.2993,-7.9261,3.275,10.76,0.59,0.54,6562.71240234375,1.461300015449524,nan,nan,nan,nan,66692126,10.4561,0.0005996735718019714
91393,27,3,,2996779899976478336,88.0914,-13.2309,3.276,9.42,0.17,0.17,nan,nan,nan,nan,8605.814453125,4.239661693572998,317483758,9.3493,0.0005127510488817346
91466,27,3,,3018849400448732416,87.9884,-7.3101,3.296,7.88,-0.11,0.15,9998.3642578125,2.998800039291382,nan,nan,12659.16796875,4.101411819458008,66827237,7.9954,0.00047862725625394723
91603,27,-1,,2982627359964027520,77.5975,-17.2307,3.681,10.81,0.67,0.01,6256.1318359375,1.3551000356674194,6585.0,4.429999828338623,nan,nan,671356484,10.4532,0.0005954435076079715
91664,27,-1,,3191923147819524992,65.973,-8.5427,3.649,9.91,0.53,0.02,6773.7421875,1.8061000108718872,nan,nan,nan,nan,37863539,9.64038,0.000526143362014624
91855,27,-1,,3221455136787783808,81.0347,0.1921,3.79,8.87,0.28,0.03,nan,nan,nan,nan,8166.6708984375,4.258249282836914,459991808,8.739,0.0004920531594205334
91861,27,-1,,3234001904491176832,78.1382,1.6652,3.003,10.65,0.7,0.01,6114.51708984375,1.8560999631881714,6348.0,4.059999942779541,nan,nan,262325500,10.2832,0.0005764392688744342
91879,27,-1,,3208852878108492672,82.0557,-6.738,3.312,11.02,0.72,0.02,5974.1103515625,1.5185999870300293,6429.0,4.309999942779541,nan,nan,34366482,10.643,0.0006243316371687563
91919,27,-1,,3221847318841717632,81.2476,0.5765,3.991,9.61,0.33,0.0,nan,nan,nan,nan,7825.404296875,4.349126815795898,264460765,9.4495,0.0005172760720833318
91946,27,-1,,2985500005890299776,82.6014,-13.4989,3.822,8.68,0.06,0.1,9344.5244140625,2.060800075531006,nan,nan,9603.5947265625,3.98885178565979,143377896,8.6861,0.0004905639454465255
92053,27,-1,,2986121131177463296,75.9631,-15.6983,3.441,9.65,0.61,0.01,6404.84033203125,2.30430006980896,nan,nan,nan,nan,169319248,9.3256,0.0005110308700557493
92072,27,-1,,3222447922772612992,84.4727,0.9686,3.791,7.43,-0.09,0.01,nan,nan,nan,nan,13798.8349609375,4.101064205169678,323348984,7.5333,0.00047377433632188657
92125,27,-1,,3198489809217227392,67.688,-7.2411,4.571,8.46,0.33,0.04,7464.662109375,2.2248001098632812,nan,nan,7903.810546875,4.213294982910156,38021254,8.29936,0.0004828320854054414
92155,27,-1,,3222801587559921792,84.5876,1.7412,3.41,10.23,0.64,0.02,6372.81494140625,1.7831000089645386,6598.0,4.260000228881836,nan,nan,323420008,9.89343,0.0005455141480189116
92201,27,-1,,3183714602026551808,76.1862,-8.3618,3.286,9.26,0.13,0.02,9671.5068359375,1.643399953842163,nan,nan,8719.8583984375,4.106036186218262,43648307,9.21602,0.0005064949696962815
92422,27,-1,,3178164512144923008,68.2769,-12.1362,5.375,9.25,0.53,0.01,6718.81884765625,1.628100037574768,6961.0,4.409999847412109,nan,nan,117650306,8.96856,0.0004980131503950118
92423,27,-1,,3178164512144923136,68.2771,-12.1371,5.365,9.12,0.51,0.04,6789.38623046875,1.7238999605178833,6482.0,3.869999885559082,nan,nan,117650309,8.84913,0.0004946472958365874
92504,27,-1,,2989567103698484864,76.4939,-12.3102,3.628,9.95,0.56,0.01,6692.57470703125,1.8170000314712524,nan,nan,nan,nan,169344818,9.65847,0.0005272217708355884
92703,27,-1,,3180931948551292160,72.2758,-11.8059,3.489,11.07,0.64,0.03,6343.146484375,1.2595000267028809,6628.0,4.329999923706055,nan,nan,319310835,10.7294,0.000633930715498179
92766,27,-1,,2980219914835565440,74.1996,-16.1351,3.745,7.44,0.08,0.02,8708.58984375,3.284899950027466,7756.0,4.0,nan,nan,316874758,7.425,0.0004728090802059736
92820,27,-1,,3181667075153704448,73.1453,-10.4887,3.354,7.84,-0.05,0.08,nan,nan,7725.0,4.449999809265137,nan,nan,9358795,7.90735,0.0004773371616372055
92870,27,-1,,3181940303794346368,76.5333,-11.2156,3.469,10.36,0.67,0.18,6229.2392578125,1.8609999418258667,6602.0,4.309999942779541,nan,nan,43720516,10.0115,0.0005510844293423224
92877,27,-1,,3181865704504711936,75.6774,-11.6282,3.463,9.97,0.4,0.23,7517.62255859375,1.6175999641418457,nan,nan,nan,nan,43608199,9.76166,0.0005336510806329692
92915,27,-1,,3204884534484999552,69.0798,-3.3525,4.726,3.83,-0.27,0.02,19953.57421875,8.220600128173828,8836.0,4.949999809265137,nan,nan,229087301,4.14114,0.0004651462955157976
92936,27,-1,,3182373163480661760,77.5306,-10.4067,3.353,10.89,0.66,0.09,6434.5849609375,1.3586000204086304,6574.0,4.429999828338623,nan,nan,43785559,10.5374,0.0006050522207728871
92943,27,-1,,3231482579754467072,73.9936,0.776,3.082,8.98,0.65,0.05,6520.9130859375,3.2955000400543213,6498.0,3.7200000286102295,nan,nan,262503286,8.6388,0.0004894641531919744
93059,27,-1,,3011406600082787072,89.8881,-9.616,3.177,10.82,0.63,0.04,6374.091796875,1.4889999628067017,6512.0,4.25,nan,nan,67282971,10.4914,0.0006056770756983957
93104,27,-1,,3211511153626507264,75.6832,-5.7061,5.166,8.8,0.52,0.01,6931.73193359375,2.059499979019165,nan,nan,nan,nan,213069348,8.52969,0.0004871267400412289
93116,27,-1,,3211428415376506624,75.0391,-6.0607,3.142,10.48,0.58,0.04,6720.12060546875,1.6693999767303467,6683.0,4.210000038146973,nan,nan,43489773,10.1755,0.0005656795327073976
93192,27,-1,,3333213690522941056,84.1223,6.8339,3.051,9.52,0.68,0.1,6754.48828125,2.9279000759124756,nan,nan,nan,nan,436243092,9.16621,0.0005069744358030283
93210,27,-1,,3217139244411830912,82.8384,-2.0992,3.722,8.58,0.06,0.04,10053.8671875,1.8522000312805176,8000.0,4.800000190734863,9302.6708984375,4.1831793785095215,50727109,8.5877,0.0004885766414116829
93220,27,-1,,3011995766515038848,86.2355,-9.7892,3.558,10.64,0.59,0.05,6642.08935546875,1.4278000593185425,nan,nan,nan,nan,279787206,10.335,0.0005823280479370702
93233,27,-1,,3012435463790685184,86.7467,-9.0417,3.053,10.13,0.34,0.06,7789.033203125,1.6050000190734863,nan,nan,7655.82421875,4.142765998840332,66559368,9.9593,0.0005489637638265692
93418,27,-1,,2997097452678400128,86.547,-12.6892,3.294,10.63,0.61,0.01,6431.28662109375,1.549399971961975,6519.0,4.289999961853027,nan,nan,317090406,10.3117,0.0005795375411740755
93457,27,-1,,3013458013901361536,81.2924,-9.9413,3.047,10.06,0.29,0.08,8079.0283203125,1.5475000143051147,nan,nan,7889.04052734375,4.0368499755859375,24701826,9.92523,0.0005445172900777586
93475,27,-1,,3213629843813505920,78.0551,-3.7304,3.034,9.99,0.44,0.08,7151.5810546875,1.8639999628067017,nan,nan,nan,nan,248475849,9.76075,0.0005339138702673042
93480,27,-1,,3213421722581722368,78.4091,-4.0042,3.602,9.85,0.39,0.01,7723.09130859375,1.6452000141143799,nan,nan,7703.3720703125,4.140192031860352,248997990,9.65281,0.0005272164825555594
93508,27,-1,,3213699486706579968,77.8683,-3.4346,3.171,10.01,0.58,0.03,6565.93408203125,2.1837000846862793,nan,nan,nan,nan,248448075,9.70611,0.0005301739089089184
93525,27,-1,,3013715742002083200,83.3622,-9.3929,3.257,8.97,0.38,0.02,7226.55078125,3.990799903869629,nan,nan,nan,nan,201371074,8.77672,0.0004929603560315288
93647,27,-1,,3025566488781025280,89.3484,-2.0186,3.183,11.01,0.59,0.0,6787.47802734375,1.2548999786376953,nan,nan,nan,nan,39474632,10.7077,0.0006463443264422717
93934,27,-1,,3015849967087339008,85.6838,-7.4663,3.97,10.53,0.7,0.03,6212.7919921875,1.4541000127792358,6503.0,4.260000228881836,nan,nan,279582343,10.1631,0.0005664963293558318
94049,27,-1,,3016685797786077824,82.5064,-6.8486,3.843,10.43,0.6,0.01,6651.0947265625,1.4228999614715576,nan,nan,nan,nan,34398322,10.112,0.0005598077651032387
94051,27,-1,,3016672298706384384,81.8718,-6.9282,3.916,9.64,0.17,0.09,nan,nan,nan,nan,8908.3955078125,4.222456932067871,199752613,9.56732,0.0005228853082713969
94196,27,-1,,3017728070386783488,89.3105,-8.4283,3.518,9.46,0.2,0.19,8389.740234375,1.607699990272522,nan,nan,8286.7939453125,4.036501884460449,67164474,9.3778,0.0005148705052947616
94240,27,-1,,2994991780536051840,86.8278,-16.2503,3.311,11.2,0.74,0.03,5967.31884765625,1.3410999774932861,6357.0,4.360000133514404,nan,nan,317135691,10.8127,0.0006480969706134124
94248,27,-1,,3022725518236595072,89.3172,-4.7038,3.27,9.83,0.7,0.06,6057.47216796875,2.637700080871582,6360.0,4.070000171661377,nan,nan,39471775,9.4617,0.0005197674883145079
94265,27,-1,,3018145953524930944,92.1782,-7.3091,3.145,10.35,0.53,0.06,6694.6953125,1.68340003490448,6971.0,4.389999866485596,nan,nan,72096184,10.0757,0.000563770661527895
94296,27,-1,,3018379702824363520,90.5022,-6.9849,3.301,10.98,0.66,0.13,6234.2685546875,1.3514000177383423,6573.0,4.380000114440918,nan,nan,71624661,10.635,0.0006318148720153279
94312,27,-1,,3023205115761421952,86.1906,-5.1049,3.396,10.5,0.57,0.0,6776.86669921875,1.470900058746338,6750.0,4.289999961853027,nan,nan,72884066,10.2171,0.0005723025876991165
94313,27,-1,,3023125263729609472,85.5376,-5.3992,3.527,10.31,0.55,0.03,6770.99462890625,1.516700029373169,nan,nan,nan,nan,11455849,10.0182,0.0005536665569735417
94330,27,-1,,3018641901988214144,88.255,-7.5598,3.631,10.68,0.62,0.12,6511.96240234375,1.358299970626831,6465.0,4.260000228881836,nan,nan,66913264,10.357,0.0005868933382275548
